gene_id,product_description,chromosome,start,end,strand,functional_category
LOC103723720,shaggy-related protein kinase alpha,NC_052392.1,781439,785029,+,Protein_Kinases
LOC103698143,shaggy-related protein kinase alpha-like,NC_052392.1,864540,865346,+,Protein_Kinases
LOC120104203,calcium-dependent protein kinase 8-like,NC_052392.1,1811535,1811930,-,Protein_Kinases
LOC103720130,A-kinase anchor protein 12-like%2C transcript variant X1,NC_052392.1,2057365,2062513,+,Protein_Kinases
LOC103718157,CBL-interacting protein kinase 1-like%2C transcript variant X1,NC_052392.1,2408959,2414998,+,Protein_Kinases
LOC103721775,probable receptor-like protein kinase At5g18500,NC_052392.1,2835166,2845052,+,Protein_Kinases
LOC103721022,galactokinase,NC_052392.1,3651538,3666911,-,Protein_Kinases
LOC103721017,probable serine/threonine-protein kinase SIS8%2C transcript variant X2,NC_052392.1,3847304,3892579,-,Protein_Kinases
LOC103721014,receptor-like protein kinase ANXUR1,NC_052392.1,3938494,3942064,-,Protein_Kinases
LOC103721249,probable serine/threonine protein kinase IRE4,NC_052392.1,5439039,5468781,+,Protein_Kinases
LOC103716188,serine/threonine-protein kinase CTR1%2C transcript variant X2,NC_052392.1,6103865,6117194,-,Protein_Kinases
LOC103716207,receptor-like cytosolic serine/threonine-protein kinase RBK1%2C transcript variant X2,NC_052392.1,6121255,6129768,-,Protein_Kinases
LOC103714008,probable serine/threonine-protein kinase PBL7,NC_052392.1,6572822,6577279,+,Protein_Kinases
LOC103714006,probable serine/threonine-protein kinase At1g54610,NC_052392.1,6627067,6636352,-,Protein_Kinases
LOC103700619,probable serine/threonine-protein kinase At1g54610,NC_052392.1,6656016,6657106,-,Protein_Kinases
LOC120110313,probable serine/threonine-protein kinase At1g54610,NC_052392.1,6670853,6671965,-,Protein_Kinases
LOC103714007,probable serine/threonine-protein kinase At1g54610%2C transcript variant X3,NC_052392.1,6684062,6686521,-,Protein_Kinases
LOC103713975,sodium/hydrogen exchanger 2%2C transcript variant X1,NC_052392.1,6981374,6997076,+,Ion_Transporters
LOC103697599,SOSS complex subunit B homolog%2C transcript variant X3,NC_052392.1,7582220,7591583,+,Other_Signaling_Metabolism
LOC103717236,probable inactive leucine-rich repeat receptor kinase XIAO,NC_052392.1,7750141,7751981,-,Protein_Kinases
LOC103707537,receptor-like cytosolic serine/threonine-protein kinase RBK2%2C transcript variant X1,NC_052392.1,7830000,7835130,-,Protein_Kinases
LOC103707538,probable LRR receptor-like serine/threonine-protein kinase RKF3,NC_052392.1,7845528,7848250,+,Protein_Kinases
LOC103699297,diacylglycerol kinase 7-like%2C transcript variant X1,NC_052392.1,8099474,8126422,-,Protein_Kinases
LOC103718404,mitogen-activated protein kinase kinase 5,NC_052392.1,9127669,9129385,-,Protein_Kinases
LOC103701191,probable LRR receptor-like serine/threonine-protein kinase At2g23950,NC_052392.1,9424906,9429804,-,Protein_Kinases
LOC103707465,putative leucine-rich repeat receptor-like serine/threonine-protein kinase At2g24130,NC_052392.1,9925502,9928910,+,Protein_Kinases
LOC103707436,putative leucine-rich repeat receptor-like serine/threonine-protein kinase At2g24130%2C transcript variant X1,NC_052392.1,9946214,9951566,+,Protein_Kinases
LOC103724252,serine/threonine-protein kinase VPS15%2C transcript variant X2,NC_052392.1,10284793,10314090,+,Protein_Kinases
LOC103714243,CBL-interacting serine/threonine-protein kinase 5,NC_052392.1,10889335,10891341,-,Protein_Kinases
LOC103714244,CBL-interacting protein kinase 6,NC_052392.1,10965587,10967578,+,Protein_Kinases
LOC103712850,serine/threonine-protein kinase D6PKL1-like%2C transcript variant X1,NC_052392.1,12700077,12708838,-,Protein_Kinases
LOC103710640,brassinosteroid LRR receptor kinase BRL1-like%2C transcript variant X2,NC_052392.1,13764338,13768892,-,Protein_Kinases
LOC103715905,bifunctional aspartokinase/homoserine dehydrogenase 1%2C chloroplastic-like%2C transcript variant X1,NC_052392.1,13787936,13809195,-,Protein_Kinases
LOC103713551,sodium/hydrogen exchanger 6-like%2C transcript variant X1,NC_052392.1,13940678,13974659,-,Ion_Transporters
LOC103712736,protein NSP-INTERACTING KINASE 1-like,NC_052392.1,14356373,14362320,+,Protein_Kinases
LOC103712737,probable serine/threonine-protein kinase DDB_G0291350,NC_052392.1,14364960,14378308,+,Protein_Kinases
LOC103712750,biogenesis of lysosome-related organelles complex 1 subunit 2,NC_052392.1,14651335,14653585,+,Other_Signaling_Metabolism
LOC103712755,phosphatidylinositol 4-kinase gamma 5-like%2C transcript variant X1,NC_052392.1,14709366,14713269,-,Protein_Kinases
LOC103723802,protein ACTIVITY OF BC1 COMPLEX KINASE 7%2C chloroplastic-like,NC_052392.1,14914571,14955607,+,Protein_Kinases
LOC120104241,probable receptor-like protein kinase At1g80640,NC_052392.1,15256026,15260005,+,Protein_Kinases
LOC120111279,zinc finger A20 and AN1 domain-containing stress-associated protein 8-like,NC_052392.1,15736957,15738993,+,Transcription_Factors
LOC103705441,G-type lectin S-receptor-like serine/threonine-protein kinase LECRK3,NC_052392.1,16172162,16174585,-,Protein_Kinases
LOC120103889,carbon catabolite-derepressing protein kinase-like,NC_052392.1,16241001,16245064,+,Protein_Kinases
LOC103718417,cyclin-dependent kinase B2-2-like,NC_052392.1,16513600,16517053,+,Protein_Kinases
LOC113463481,proline-rich receptor-like protein kinase PERK8%2C transcript variant X1,NC_052392.1,16558673,16562642,+,Protein_Kinases
LOC103701441,serine/threonine-protein kinase STY13,NC_052392.1,17336351,17355764,-,Protein_Kinases
LOC103701443,probable serine/threonine-protein kinase PBL17%2C transcript variant X2,NC_052392.1,17376324,17386040,+,Protein_Kinases
LOC103701446,pollen receptor-like kinase 5,NC_052392.1,17429810,17435113,+,Protein_Kinases
LOC103701454,L-arabinokinase-like,NC_052392.1,17529615,17569244,-,Protein_Kinases
LOC103701457,galacturonokinase%2C transcript variant X3,NC_052392.1,17625656,17661782,+,Protein_Kinases
LOC103701573,cation transporter HKT8-like%2C transcript variant X1,NC_052392.1,17687124,17690509,+,Ion_Transporters
LOC103701574,cation transporter HKT8-like,NC_052392.1,17720657,17724022,+,Ion_Transporters
LOC103701575,probable cation transporter HKT7,NC_052392.1,17743165,17748888,+,Ion_Transporters
LOC103701576,probable cation transporter HKT6,NC_052392.1,17754011,17757598,+,Ion_Transporters
LOC103701695,diacylglycerol kinase 4-like,NC_052392.1,18980205,18997727,+,Protein_Kinases
LOC103701735,histidine kinase 5-like,NC_052392.1,19014360,19028235,+,Protein_Kinases
LOC103701699,PTI1-like tyrosine-protein kinase At3g15890,NC_052392.1,19082477,19085288,+,Protein_Kinases
LOC103701701,probable receptor-like serine/threonine-protein kinase At5g57670,NC_052392.1,19090347,19095114,+,Protein_Kinases
LOC103700918,probable inactive receptor kinase At2g26730,NC_052392.1,20385062,20388103,-,Protein_Kinases
LOC103711473,glycerol kinase-like%2C transcript variant X1,NC_052392.1,21386157,21391014,+,Protein_Kinases
LOC103711478,calmodulin-binding receptor-like cytoplasmic kinase 3%2C transcript variant X2,NC_052392.1,21457416,21468504,-,Protein_Kinases
LOC103711493,PTI1-like tyrosine-protein kinase At3g15890,NC_052392.1,21874870,21880614,-,Protein_Kinases
LOC103711501,probable phytol kinase 1%2C chloroplastic%2C transcript variant X2,NC_052392.1,21964612,21966497,-,Protein_Kinases
LOC103716219,probable LRR receptor-like serine/threonine-protein kinase At4g37250,NC_052392.1,22439369,22443355,+,Protein_Kinases
LOC103722431,sodium/proton antiporter 1,NC_052392.1,22460988,22481741,-,Ion_Transporters
LOC103718859,serine/threonine/tyrosine-protein kinase HT1,NC_052392.1,22953409,22959106,-,Protein_Kinases
LOC120111932,serine/threonine-protein kinase D6PK-like,NC_052392.1,23904362,23914512,-,Protein_Kinases
LOC103716465,serine/threonine-protein kinase D6PK-like,NC_052392.1,24324785,24334929,+,Protein_Kinases
LOC113463365,wall-associated receptor kinase 2-like,NC_052392.1,24585604,24591039,-,Protein_Kinases
LOC103698768,ATP-dependent 6-phosphofructokinase 2-like,NC_052392.1,25059293,25062693,+,Protein_Kinases
LOC120111460,inositol polyphosphate multikinase beta-like,NC_052392.1,25578319,25580771,+,Protein_Kinases
LOC120112009,probable GTP diphosphokinase CRSH1%2C chloroplastic,NC_052392.1,25583683,25596156,+,Protein_Kinases
LOC120112039,pyruvate dehydrogenase (acetyl-transferring) kinase%2C mitochondrial-like,NC_052392.1,25788763,25801728,-,Protein_Kinases
LOC103707696,CBL-interacting protein kinase 1-like,NC_052392.1,25918284,25925190,-,Protein_Kinases
LOC120111597,protein kinase PINOID-like,NC_052392.1,27399460,27401237,-,Protein_Kinases
LOC103708276,wall-associated receptor kinase 3-like,NC_052392.1,28102128,28104947,+,Protein_Kinases
LOC120111652,wall-associated receptor kinase 5-like,NC_052392.1,28120917,28126440,+,Protein_Kinases
LOC103723813,putative receptor-like protein kinase At1g80870,NC_052392.1,28670479,28673090,-,Protein_Kinases
LOC103696275,probable LRR receptor-like serine/threonine-protein kinase At2g24230%2C transcript variant X2,NC_052392.1,28894527,28897925,-,Protein_Kinases
LOC103702971,CBL-interacting protein kinase 6-like,NC_052392.1,29092730,29094713,-,Protein_Kinases
LOC120112327,protein NSP-INTERACTING KINASE 1-like%2C transcript variant X3,NC_052392.1,29320203,29325063,-,Protein_Kinases
LOC103697333,L-type lectin-domain containing receptor kinase IX.1-like,NC_052392.1,29852303,29856732,+,Protein_Kinases
LOC120112353,L-type lectin-domain containing receptor kinase IX.1-like%2C transcript variant X1,NC_052392.1,29871495,29874889,+,Protein_Kinases
LOC103699403,L-type lectin-domain containing receptor kinase IX.1-like,NC_052392.1,29887878,29890977,+,Protein_Kinases
LOC103697335,L-type lectin-domain containing receptor kinase IX.1-like,NC_052392.1,29901997,29907893,+,Protein_Kinases
LOC103699026,L-type lectin-domain containing receptor kinase IX.1-like,NC_052392.1,29916453,29920003,+,Protein_Kinases
LOC103698916,L-type lectin-domain containing receptor kinase IX.1-like,NC_052392.1,29937077,29939108,+,Protein_Kinases
LOC103704325,PTI1-like tyrosine-protein kinase At3g15890,NC_052392.1,30614303,30618294,-,Protein_Kinases
LOC103704334,serine/threonine-protein kinase ATG1t,NC_052392.1,30838971,30842235,-,Protein_Kinases
LOC103704336,serine/threonine-protein kinase STY17-like%2C transcript variant X3,NC_052392.1,30863235,30908809,-,Protein_Kinases
LOC103704378,probable serine/threonine-protein kinase At1g01540,NC_052392.1,31509093,31513308,+,Protein_Kinases
LOC120112464,probable receptor-like protein kinase At1g49730,NC_052392.1,31534687,31548778,+,Protein_Kinases
LOC103706565,calcium/calmodulin-regulated receptor-like kinase 2,NC_052392.1,32465648,32485400,+,Protein_Kinases
LOC103706563,phosphatidylinositol 4-kinase gamma 7,NC_052392.1,32489750,32494200,-,Protein_Kinases
LOC103721007,receptor protein kinase TMK1-like,NC_052392.1,33047473,33051917,+,Protein_Kinases
LOC120112179,probable LRR receptor-like serine/threonine-protein kinase At3g47570,NC_052392.1,33109488,33110139,-,Protein_Kinases
LOC103721009,LRR receptor-like serine/threonine-protein kinase EFR,NC_052392.1,33110190,33112430,-,Protein_Kinases
LOC103710937,pyruvate%2C phosphate dikinase 2%2C transcript variant X2,NC_052392.1,33409366,33440894,+,Protein_Kinases
LOC103710936,pyruvate%2C phosphate dikinase%2C chloroplastic-like,NC_052392.1,33456917,33472014,+,Protein_Kinases
LOC103710946,LRR receptor-like serine/threonine-protein kinase ER2,NC_052392.1,33764412,33766340,-,Protein_Kinases
LOC103702673,G-type lectin S-receptor-like serine/threonine-protein kinase At1g34300,NC_052392.1,34978883,34985354,+,Protein_Kinases
LOC103702675,serine/threonine-protein kinase SAPK7-like,NC_052392.1,35008188,35013343,-,Protein_Kinases
LOC103698889,glycerol kinase,NC_052392.1,36193411,36199074,+,Protein_Kinases
LOC103715903,calmodulin-binding receptor-like cytoplasmic kinase 3%2C transcript variant X2,NC_052392.1,36409208,36419208,-,Protein_Kinases
LOC103722624,L-type lectin-domain containing receptor kinase IX.1-like,NC_052392.1,36463322,36467151,-,Protein_Kinases
LOC103722632,L-type lectin-domain containing receptor kinase IX.1-like,NC_052392.1,36492908,36497540,-,Protein_Kinases
LOC103722631,L-type lectin-domain containing receptor kinase IX.2-like,NC_052392.1,36508072,36510936,-,Protein_Kinases
LOC103722623,L-type lectin-domain containing receptor kinase IX.1-like,NC_052392.1,36524599,36528000,-,Protein_Kinases
LOC120112950,L-type lectin-domain containing receptor kinase IX.1-like,NC_052392.1,36536468,36539223,-,Protein_Kinases
LOC108511856,L-type lectin-domain containing receptor kinase IX.1-like,NC_052392.1,36553986,36557270,+,Protein_Kinases
LOC103722629,L-type lectin-domain containing receptor kinase IX.1-like,NC_052392.1,36568086,36572580,+,Protein_Kinases
LOC103722628,L-type lectin-domain containing receptor kinase IX.1-like,NC_052392.1,36608676,36611983,+,Protein_Kinases
LOC120112723,L-type lectin-domain containing receptor kinase IX.1-like,NC_052392.1,36632266,36636696,+,Protein_Kinases
LOC120112978,L-type lectin-domain containing receptor kinase IX.1-like%2C transcript variant X1,NC_052392.1,36649115,36652329,+,Protein_Kinases
LOC113462444,probable receptor-like protein kinase At1g11050,NC_052392.1,36721920,36723965,+,Protein_Kinases
LOC103702728,probable receptor-like protein kinase At1g11050,NC_052392.1,36733071,36735029,+,Protein_Kinases
LOC120112979,phosphatidylinositol 4-phosphate 5-kinase 1-like%2C transcript variant X1,NC_052392.1,36735608,36740637,+,Protein_Kinases
LOC103702601,probable receptor-like protein kinase At1g11050,NC_052392.1,36744138,36746584,+,Protein_Kinases
LOC103702603,serine/threonine-protein kinase STE20-like,NC_052392.1,36766196,36770325,+,Protein_Kinases
LOC103702635,1-phosphatidylinositol-3-phosphate 5-kinase FAB1A%2C transcript variant X2,NC_052392.1,37280040,37291063,-,Protein_Kinases
LOC120113028,probable serine/threonine-protein kinase PBL16,NC_052392.1,37564079,37577293,+,Protein_Kinases
LOC103713757,receptor-like protein kinase 2,NC_052392.1,38056947,38060823,-,Protein_Kinases
LOC103716608,adenylate kinase%2C chloroplastic-like%2C transcript variant X3,NC_052392.1,38188682,38196166,-,Protein_Kinases
LOC108511633,serine/threonine-protein kinase-like protein CCR4,NC_052392.1,38255563,38258310,-,Protein_Kinases
LOC103716635,receptor protein-tyrosine kinase CEPR2%2C transcript variant X3,NC_052392.1,38269129,38276583,-,Protein_Kinases
LOC103719498,probable serine/threonine-protein kinase At1g54610,NC_052392.1,38624996,38636870,-,Protein_Kinases
LOC103719491,non-lysosomal glucosylceramidase%2C transcript variant X2,NC_052392.1,38697967,38744432,+,Other_Signaling_Metabolism
LOC103719487,mitogen-activated protein kinase kinase kinase 18-like%2C transcript variant X2,NC_052392.1,38803176,38807159,+,Protein_Kinases
LOC103706096,fructokinase-2-like,NC_052392.1,39092210,39096862,+,Protein_Kinases
LOC103706071,inositol-tetrakisphosphate 1-kinase 6%2C transcript variant X7,NC_052392.1,39415267,39435463,+,Protein_Kinases
LOC103706061,probably inactive leucine-rich repeat receptor-like protein kinase At5g48380%2C transcript variant X3,NC_052392.1,39568737,39573337,+,Protein_Kinases
LOC103706059,integrin-linked protein kinase 1-like,NC_052392.1,39579290,39590662,+,Protein_Kinases
LOC103706024,fructokinase-1-like,NC_052392.1,40153864,40155716,-,Protein_Kinases
LOC103714701,cation/H(+) antiporter 19-like,NC_052392.1,40681033,40684957,+,Ion_Transporters
LOC103708389,phosphoenolpyruvate carboxykinase (ATP) 1-like,NC_052393.1,95812,102752,+,Protein_Kinases
LOC103708398,acetylglutamate kinase%2C chloroplastic-like,NC_052393.1,202937,204621,+,Protein_Kinases
LOC103708432,adenosine kinase 2-like,NC_052393.1,723155,731948,+,Protein_Kinases
LOC103708439,phosphoenolpyruvate carboxylase kinase 2-like,NC_052393.1,766308,767719,-,Protein_Kinases
LOC103700633,putative wall-associated receptor kinase-like 16,NC_052393.1,883164,885702,+,Protein_Kinases
LOC103708460,wall-associated receptor kinase 2-like,NC_052393.1,900755,903596,+,Protein_Kinases
LOC103708448,putative wall-associated receptor kinase-like 16,NC_052393.1,917042,919528,+,Protein_Kinases
LOC103699473,wall-associated receptor kinase 2-like,NC_052393.1,938351,941073,+,Protein_Kinases
LOC120104793,wall-associated receptor kinase 2-like,NC_052393.1,961516,964048,+,Protein_Kinases
LOC103716092,putative wall-associated receptor kinase-like 16,NC_052393.1,970011,972899,+,Protein_Kinases
LOC103717599,casein kinase 1-like%2C transcript variant X2,NC_052393.1,1395818,1410620,-,Protein_Kinases
LOC103717596,serine/threonine-protein kinase tricornered-like%2C transcript variant X1,NC_052393.1,1420053,1435991,-,Protein_Kinases
LOC120104883,MDIS1-interacting receptor like kinase 2-like,NC_052393.1,1561595,1566112,-,Protein_Kinases
LOC103699429,MDIS1-interacting receptor like kinase 2-like,NC_052393.1,1601058,1604661,-,Protein_Kinases
LOC120104887,MDIS1-interacting receptor like kinase 2-like,NC_052393.1,1613372,1617730,-,Protein_Kinases
LOC103697022,MDIS1-interacting receptor like kinase 2-like,NC_052393.1,1649834,1652457,-,Protein_Kinases
LOC103699335,MDIS1-interacting receptor like kinase 2-like,NC_052393.1,1699571,1703257,-,Protein_Kinases
LOC120104891,MDIS1-interacting receptor like kinase 2-like,NC_052393.1,1743899,1745444,-,Protein_Kinases
LOC120104942,MDIS1-interacting receptor like kinase 2-like,NC_052393.1,1791777,1795671,-,Protein_Kinases
LOC120104511,probable leucine-rich repeat receptor-like protein kinase At1g35710,NC_052393.1,1808458,1815827,-,Protein_Kinases
LOC103716263,non-lysosomal glucosylceramidase-like,NC_052393.1,1935242,1950668,+,Other_Signaling_Metabolism
LOC103716255,cyclin-dependent kinase inhibitor 5-like,NC_052393.1,2099698,2103277,+,Protein_Kinases
LOC103716270,MDIS1-interacting receptor like kinase 2-like,NC_052393.1,2241997,2245536,-,Protein_Kinases
LOC103716269,MDIS1-interacting receptor like kinase 2-like,NC_052393.1,2262612,2267712,+,Protein_Kinases
LOC103716268,probable LRR receptor-like serine/threonine-protein kinase At1g34110,NC_052393.1,2268995,2270614,-,Protein_Kinases
LOC103715442,MDIS1-interacting receptor like kinase 2-like,NC_052393.1,2282470,2287514,+,Protein_Kinases
LOC103715445,probable leucine-rich repeat receptor-like protein kinase At1g35710,NC_052393.1,2292101,2294158,-,Protein_Kinases
LOC103715446,LRR receptor-like serine/threonine-protein kinase GSO1,NC_052393.1,2301836,2304851,-,Protein_Kinases
LOC103715447,LRR receptor-like serine/threonine-protein kinase GSO1,NC_052393.1,2332887,2335921,-,Protein_Kinases
LOC103715449,probable leucine-rich repeat receptor-like protein kinase At1g35710,NC_052393.1,2346638,2349682,-,Protein_Kinases
LOC103719916,hexokinase-4%2C chloroplastic,NC_052393.1,3030857,3036653,+,Protein_Kinases
LOC103719894,calcium-dependent protein kinase 18%2C transcript variant X3,NC_052393.1,3051179,3063374,-,Protein_Kinases
LOC103724130,serine/threonine-protein kinase RIPK-like%2C transcript variant X3,NC_052393.1,4314426,4318890,+,Protein_Kinases
LOC103724131,misshapen-like kinase 1,NC_052393.1,4319912,4325541,-,Protein_Kinases
LOC103706299,phosphoribulokinase%2C chloroplastic,NC_052393.1,5226935,5231217,-,Protein_Kinases
LOC103706244,phosphomevalonate kinase%2C peroxisomal,NC_052393.1,5334558,5344614,-,Protein_Kinases
LOC103714597,probable inactive shikimate kinase like 2%2C chloroplastic,NC_052393.1,5526165,5539915,-,Protein_Kinases
LOC103714584,heat stress transcription factor A-1,NC_052393.1,5850122,5866760,-,Stress_Osmoprotectants
LOC103711755,inositol-tetrakisphosphate 1-kinase 5-like%2C transcript variant X3,NC_052393.1,5978069,5988050,-,Protein_Kinases
LOC103711784,uncharacterized sugar kinase slr0537,NC_052393.1,6354340,6360949,+,Protein_Kinases
LOC103703602,pyruvate kinase isozyme G%2C chloroplastic-like,NC_052393.1,6775960,6787981,-,Protein_Kinases
LOC103710766,probable serine/threonine-protein kinase PBL19%2C transcript variant X4,NC_052393.1,7461493,7472883,-,Protein_Kinases
LOC103710774,serine/threonine-protein kinase SAPK3-like,NC_052393.1,7578598,7583472,+,Protein_Kinases
LOC103710813,probable serine/threonine-protein kinase cdc7,NC_052393.1,8098863,8114824,-,Protein_Kinases
LOC103713591,serine/threonine-protein kinase D6PK-like,NC_052393.1,8344674,8351267,+,Protein_Kinases
LOC103716327,putative kinase-like protein TMKL1,NC_052393.1,8760100,8764084,-,Protein_Kinases
LOC103708526,putative receptor-like protein kinase At3g47110,NC_052393.1,11144462,11148753,+,Protein_Kinases
LOC103708498,CDPK-related kinase 3-like%2C transcript variant X1,NC_052393.1,11178138,11197429,-,Protein_Kinases
LOC103708477,salt tolerance receptor-like cytoplasmic kinase 1,NC_052393.1,11682825,11684461,-,Protein_Kinases
LOC103708473,sphingoid long-chain bases kinase 1-like,NC_052393.1,11749181,11768870,+,Protein_Kinases
LOC103717369,serine/threonine-protein kinase sid1-like%2C transcript variant X1,NC_052393.1,11999351,12037225,+,Protein_Kinases
LOC103719464,probable serine/threonine-protein kinase WNK4%2C transcript variant X2,NC_052393.1,12278016,12281951,-,Protein_Kinases
LOC103719462,bifunctional fucokinase/fucose pyrophosphorylase,NC_052393.1,12286581,12301784,+,Protein_Kinases
LOC103714164,heat stress transcription factor B-2b,NC_052393.1,12630114,12631810,+,Stress_Osmoprotectants
LOC103714158,shaggy-related protein kinase alpha-like%2C transcript variant X1,NC_052393.1,12703061,12716521,-,Protein_Kinases
LOC103714183,tyrosine-protein kinase Fer,NC_052393.1,12851981,12865333,-,Protein_Kinases
LOC103699099,probable inactive leucine-rich repeat receptor kinase XIAO,NC_052393.1,13001932,13006455,-,Protein_Kinases
LOC103700120,probable LRR receptor-like serine/threonine-protein kinase At1g12460,NC_052393.1,13198702,13202470,+,Protein_Kinases
LOC103699814,K(+) efflux antiporter 5%2C transcript variant X1,NC_052393.1,13257685,13280129,-,Ion_Transporters
LOC103699837,serine/threonine-protein kinase Aurora-3,NC_052393.1,13309474,13314781,+,Protein_Kinases
LOC120109013,protein-ribulosamine 3-kinase%2C chloroplastic-like%2C transcript variant X1,NC_052393.1,13854067,13863605,-,Protein_Kinases
LOC103720511,MDIS1-interacting receptor like kinase 1-like,NC_052393.1,14271247,14275664,+,Protein_Kinases
LOC103721290,probable leucine-rich repeat receptor-like protein kinase At5g63930%2C transcript variant X2,NC_052393.1,14359294,14365639,-,Protein_Kinases
LOC103722146,receptor-like serine/threonine-protein kinase SD1-8%2C transcript variant X2,NC_052393.1,14763540,14779474,+,Protein_Kinases
LOC103722147,bifunctional riboflavin kinase/FMN phosphatase-like,NC_052393.1,14856718,14864398,-,Protein_Kinases
LOC103722190,sulfofructose kinase-like%2C transcript variant X3,NC_052393.1,15076056,15097092,+,Protein_Kinases
LOC103722188,D-ribulose kinase%2C transcript variant X1,NC_052393.1,15113646,15126392,+,Protein_Kinases
LOC103708198,receptor-like serine/threonine-protein kinase At2g45590%2C transcript variant X2,NC_052393.1,15350912,15356611,+,Protein_Kinases
LOC120109727,serine/threonine-protein kinase WAG1-like,NC_052393.1,15595701,15597603,+,Protein_Kinases
LOC103703537,UMP-CMP kinase%2C transcript variant X1,NC_052393.1,15726797,15743292,+,Protein_Kinases
LOC103720391,probably inactive receptor-like protein kinase At2g46850,NC_052393.1,16200417,16205424,-,Protein_Kinases
LOC103720373,serine/threonine-protein kinase ATG1a,NC_052393.1,16217628,16232627,+,Protein_Kinases
LOC103702746,serine/threonine receptor-like kinase NFP,NC_052393.1,16700056,16703716,-,Protein_Kinases
LOC103717361,probable receptor-like protein kinase At5g59700,NC_052393.1,16879764,16882704,+,Protein_Kinases
LOC103717363,probable membrane-associated kinase regulator 6,NC_052393.1,16899211,16900477,+,Protein_Kinases
LOC120109899,mitogen-activated protein kinase homolog MMK2-like,NC_052393.1,17023654,17037555,-,Protein_Kinases
LOC103723248,cyclin-dependent kinases regulatory subunit 1-like%2C transcript variant X2,NC_052393.1,17238142,17239199,-,Protein_Kinases
LOC103717746,receptor-like protein kinase 2%2C transcript variant X1,NC_052393.1,17923952,17928012,+,Protein_Kinases
LOC103715467,calmodulin-binding receptor-like cytoplasmic kinase 2%2C transcript variant X2,NC_052393.1,18910536,18915954,+,Protein_Kinases
LOC103695735,lysM domain receptor-like kinase 4,NC_052393.1,20001019,20003165,-,Protein_Kinases
LOC103695734,lysM domain receptor-like kinase 3,NC_052393.1,20107613,20108941,-,Protein_Kinases
LOC103696856,serine/threonine-protein kinase PCRK1-like,NC_052393.1,20198211,20211720,+,Protein_Kinases
LOC120109910,SNF1-related protein kinase regulatory subunit beta-3-like%2C transcript variant X2,NC_052393.1,20447033,20457232,+,Protein_Kinases
LOC103721309,phosphoglycerate kinase-like%2C transcript variant X2,NC_052393.1,20588319,20627647,+,Protein_Kinases
LOC103717430,mitogen-activated protein kinase kinase kinase YODA-like%2C transcript variant X3,NC_052393.1,21331902,21376574,-,Protein_Kinases
LOC103717008,leucine-rich repeat receptor-like serine/threonine/tyrosine-protein kinase SOBIR1,NC_052393.1,21728168,21730061,-,Protein_Kinases
LOC103717011,cyclin-dependent protein kinase inhibitor SMR1-like,NC_052393.1,21877193,21877561,+,Protein_Kinases
LOC120109918,kinase-interacting family protein-like,NC_052393.1,22700349,22703643,-,Protein_Kinases
LOC103695469,G-type lectin S-receptor-like serine/threonine-protein kinase At2g19130,NC_052393.1,22956788,22959507,+,Protein_Kinases
LOC103696787,cysteine-rich receptor-like protein kinase 2,NC_052393.1,23211558,23231162,-,Protein_Kinases
LOC103695713,MDIS1-interacting receptor like kinase 2-like,NC_052393.1,23477128,23479434,+,Protein_Kinases
LOC120109922,MDIS1-interacting receptor like kinase 2-like,NC_052393.1,23524027,23526716,+,Protein_Kinases
LOC120109923,MDIS1-interacting receptor like kinase 2-like,NC_052393.1,23545923,23548634,+,Protein_Kinases
LOC120109928,cold-responsive protein kinase 1-like%2C transcript variant X2,NC_052393.1,24218495,24246843,+,Protein_Kinases
LOC103721119,cold-responsive protein kinase 1-like%2C transcript variant X2,NC_052393.1,24465485,24493840,+,Protein_Kinases
LOC113463045,heat stress transcription factor B-4b-like,NC_052393.1,25016672,25022264,-,Stress_Osmoprotectants
LOC108510915,LRR receptor-like serine/threonine-protein kinase FEI 1,NC_052393.1,26222449,26222960,-,Protein_Kinases
LOC120109941,LRR receptor-like serine/threonine-protein kinase FEI 1%2C transcript variant X1,NC_052393.1,26238120,26242653,-,Protein_Kinases
LOC103714508,cyclin-dependent kinase F-4%2C transcript variant X1,NC_052393.1,26600251,26612527,-,Protein_Kinases
LOC103714524,cyclin-dependent kinase E-1,NC_052393.1,26810972,26838857,+,Protein_Kinases
LOC120110021,wall-associated receptor kinase 2-like,NC_052393.1,26936599,26937664,+,Protein_Kinases
LOC108511561,wall-associated receptor kinase-like 1,NC_052393.1,26940374,26942206,+,Protein_Kinases
LOC103699897,wall-associated receptor kinase 5-like%2C transcript variant X3,NC_052393.1,26990620,26998996,-,Protein_Kinases
LOC103708723,probable serine/threonine-protein kinase PBL9,NC_052393.1,27069588,27072145,-,Protein_Kinases
LOC103714529,calcium-dependent protein kinase 12,NC_052393.1,27121959,27133779,-,Protein_Kinases
LOC103708687,serine/threonine-protein kinase STY46-like%2C transcript variant X5,NC_052393.1,27297482,27338214,+,Protein_Kinases
LOC103708708,serine/threonine-protein kinase BSK1,NC_052393.1,27806484,27826513,+,Protein_Kinases
LOC103720922,probable serine/threonine-protein kinase PIX13%2C transcript variant X2,NC_052393.1,28362216,28366718,-,Protein_Kinases
LOC103720914,probable serine/threonine-protein kinase PBL21,NC_052393.1,28372843,28385354,-,Protein_Kinases
LOC120109960,L-type lectin-domain containing receptor kinase SIT2-like%2C transcript variant X1,NC_052393.1,28524473,28526682,+,Protein_Kinases
LOC103717031,L-type lectin-domain containing receptor kinase SIT2-like,NC_052393.1,28583029,28585402,+,Protein_Kinases
LOC103717030,L-type lectin-domain containing receptor kinase IV.2-like,NC_052393.1,28592198,28594421,+,Protein_Kinases
LOC120109963,L-type lectin-domain containing receptor kinase IV.2-like,NC_052393.1,28605414,28607522,+,Protein_Kinases
LOC120109962,L-type lectin-domain containing receptor kinase SIT2-like,NC_052393.1,28621338,28623484,+,Protein_Kinases
LOC120109964,L-type lectin-domain containing receptor kinase IV.2-like,NC_052393.1,28626791,28628972,+,Protein_Kinases
LOC103697364,L-type lectin-domain containing receptor kinase IV.2-like,NC_052393.1,28662024,28682667,+,Protein_Kinases
LOC103705678,L-type lectin-domain containing receptor kinase SIT2-like,NC_052393.1,28694818,28697480,+,Protein_Kinases
LOC103720117,L-type lectin-domain containing receptor kinase SIT2-like,NC_052393.1,28698420,28701981,+,Protein_Kinases
LOC120110025,L-type lectin-domain containing receptor kinase SIT2-like,NC_052393.1,28735073,28736694,+,Protein_Kinases
LOC103720115,L-type lectin-domain containing receptor kinase SIT2-like,NC_052393.1,28749814,28752076,+,Protein_Kinases
LOC120109970,SRSF protein kinase 2-like,NC_052393.1,28780416,28792281,-,Protein_Kinases
LOC103718768,dual specificity protein kinase YAK1 homolog%2C transcript variant X2,NC_052393.1,28951318,28966778,+,Protein_Kinases
LOC113461444,LRR receptor-like serine/threonine-protein kinase FEI 1,NC_052393.1,29273810,29283424,-,Protein_Kinases
LOC103715670,L-type lectin-domain containing receptor kinase S.4-like,NC_052394.1,152067,155262,-,Protein_Kinases
LOC103700021,putative receptor protein kinase ZmPK1,NC_052394.1,394143,396894,+,Protein_Kinases
LOC120110144,putative receptor protein kinase ZmPK1,NC_052394.1,402484,405209,+,Protein_Kinases
LOC103722647,universal stress protein PHOS32,NC_052394.1,506584,510397,-,Stress_Osmoprotectants
LOC103703499,receptor-like cytoplasmic kinase 176%2C transcript variant X1,NC_052394.1,1158269,1162953,-,Protein_Kinases
LOC103710908,cation/H(+) antiporter 20,NC_052394.1,1617274,1623839,+,Ion_Transporters
LOC103710685,receptor-like protein kinase THESEUS 1%2C transcript variant X3,NC_052394.1,1882113,1888396,-,Protein_Kinases
LOC103711236,protein SODIUM POTASSIUM ROOT DEFECTIVE 2-like,NC_052394.1,2068463,2069719,+,Ion_Transporters
LOC103711225,probable membrane-associated kinase regulator 4,NC_052394.1,2113612,2116372,-,Protein_Kinases
LOC103710403,probable receptor-like protein kinase At5g59700,NC_052394.1,2148667,2152275,+,Protein_Kinases
LOC103709132,probable serine/threonine-protein kinase PBL7%2C transcript variant X2,NC_052394.1,2444991,2448987,-,Protein_Kinases
LOC103708996,probable LRR receptor-like serine/threonine-protein kinase At1g67720%2C transcript variant X1,NC_052394.1,2616762,2626926,-,Protein_Kinases
LOC103708987,mitogen-activated protein kinase 5,NC_052394.1,2629333,2633855,-,Protein_Kinases
LOC103709868,L-type lectin-domain containing receptor kinase VIII.1,NC_052394.1,2880678,2883985,+,Protein_Kinases
LOC103709860,probable serine/threonine-protein kinase PBL25,NC_052394.1,2892159,2895722,+,Protein_Kinases
LOC103709609,putative serine/threonine-protein kinase-like protein CCR3,NC_052394.1,3102548,3105618,+,Protein_Kinases
LOC103711096,mitogen-activated protein kinase kinase kinase 18-like,NC_052394.1,3524074,3526482,+,Protein_Kinases
LOC103710391,6-phosphofructo-2-kinase/fructose-2%2C6-bisphosphatase%2C transcript variant X1,NC_052394.1,3687772,3707914,+,Protein_Kinases
LOC103710336,serine/threonine-protein kinase STY46,NC_052394.1,3848133,3851845,-,Protein_Kinases
LOC103717476,gamma-interferon-responsive lysosomal thiol protein-like,NC_052394.1,3923020,3930860,-,Other_Signaling_Metabolism
LOC103702214,mitogen-activated protein kinase kinase kinase 17-like,NC_052394.1,4444185,4444946,-,Protein_Kinases
LOC103702110,CBL-interacting serine/threonine-protein kinase 14-like,NC_052394.1,4775512,4777732,+,Protein_Kinases
LOC103702112,CBL-interacting protein kinase 18-like%2C transcript variant X2,NC_052394.1,4806334,4810233,-,Protein_Kinases
LOC103702129,protein ACTIVITY OF BC1 COMPLEX KINASE 3%2C chloroplastic%2C transcript variant X3,NC_052394.1,5030086,5036216,-,Protein_Kinases
LOC103702143,probable inactive serine/threonine-protein kinase scy1%2C transcript variant X2,NC_052394.1,5153860,5202202,+,Protein_Kinases
LOC103702137,probable LRR receptor-like serine/threonine-protein kinase IRK,NC_052394.1,5484675,5488725,+,Protein_Kinases
LOC103701033,shaggy-related protein kinase alpha-like,NC_052394.1,6222261,6227445,-,Protein_Kinases
LOC103701052,pyruvate kinase%2C cytosolic isozyme,NC_052394.1,6434309,6437958,-,Protein_Kinases
LOC103702241,probable leucine-rich repeat receptor-like protein kinase At5g49770%2C transcript variant X2,NC_052394.1,6976501,6983146,+,Protein_Kinases
LOC103702185,probable leucine-rich repeat receptor-like protein kinase At5g49770,NC_052394.1,6987459,6994093,+,Protein_Kinases
LOC103702239,cation/H(+) antiporter 15-like,NC_052394.1,7056889,7060980,-,Ion_Transporters
LOC103702160,probable LRR receptor-like serine/threonine-protein kinase At1g06840%2C transcript variant X1,NC_052394.1,7379716,7417454,-,Protein_Kinases
LOC103723918,probable inactive receptor kinase At5g58300%2C transcript variant X3,NC_052394.1,7472469,7479373,+,Protein_Kinases
LOC103723923,receptor-like protein kinase FERONIA,NC_052394.1,7526683,7530105,-,Protein_Kinases
LOC103700949,protein SHORT ROOT IN SALT MEDIUM 1,NC_052394.1,8281850,8301119,+,Other_Signaling_Metabolism
LOC103701134,cysteine-rich receptor-like protein kinase 2,NC_052394.1,8749929,8754941,+,Protein_Kinases
LOC103700983,proline-rich receptor-like protein kinase PERK15,NC_052394.1,8772347,8783601,+,Protein_Kinases
LOC120103878,universal stress protein A-like protein%2C transcript variant X1,NC_052394.1,9499807,9504876,-,Stress_Osmoprotectants
LOC103704953,stress-related protein,NC_052394.1,9730991,9732461,-,Stress_Osmoprotectants
LOC103716041,proline-rich receptor-like protein kinase PERK8%2C transcript variant X2,NC_052394.1,10748171,10769145,-,Protein_Kinases
LOC103696396,receptor-like cytoplasmic kinase 185,NC_052394.1,10899633,10920512,+,Protein_Kinases
LOC103710755,probable serine/threonine-protein kinase At1g54610,NC_052394.1,11005313,11020385,+,Protein_Kinases
LOC103723229,sodium/hydrogen exchanger 2-like%2C transcript variant X2,NC_052394.1,11230800,11242028,-,Ion_Transporters
LOC103724328,protein HEAT-STRESS-ASSOCIATED 32,NC_052394.1,11893364,11918657,-,Stress_Osmoprotectants
LOC103715278,calcium/calmodulin-regulated receptor-like kinase 1,NC_052394.1,12085248,12097365,-,Protein_Kinases
LOC103718673,BRI1 kinase inhibitor 1-like,NC_052394.1,12504468,12505807,-,Protein_Kinases
LOC103708023,mitogen-activated protein kinase 15-like%2C transcript variant X2,NC_052394.1,13108244,13121928,+,Protein_Kinases
LOC103708015,mevalonate kinase,NC_052394.1,13240624,13245629,+,Protein_Kinases
LOC103700215,phosphatidylinositol 4-phosphate 5-kinase 6-like,NC_052394.1,14165611,14170151,+,Protein_Kinases
LOC120110243,phosphatidylinositol 4-phosphate 5-kinase 6-like%2C transcript variant X1,NC_052394.1,14181501,14184499,+,Protein_Kinases
LOC113461331,phosphatidylinositol 4-phosphate 5-kinase 6-like,NC_052394.1,14657432,14665592,-,Protein_Kinases
LOC120110247,phosphatidylinositol 4-phosphate 5-kinase 6-like,NC_052394.1,14701336,14703763,-,Protein_Kinases
LOC120110110,phosphatidylinositol 4-phosphate 5-kinase 6-like,NC_052394.1,14743142,14744167,-,Protein_Kinases
LOC103700566,phosphatidylinositol 4-phosphate 5-kinase 6-like%2C transcript variant X3,NC_052394.1,14756732,14759359,-,Protein_Kinases
LOC120110250,phosphatidylinositol 4-phosphate 5-kinase 6-like,NC_052394.1,14771939,14774985,-,Protein_Kinases
LOC103706289,4-diphosphocytidyl-2-C-methyl-D-erythritol kinase%2C chloroplastic,NC_052394.1,15214534,15225050,+,Protein_Kinases
LOC120110259,calcium/calmodulin-dependent serine/threonine-protein kinase 1-like%2C transcript variant X1,NC_052394.1,15915948,15926707,+,Protein_Kinases
LOC103710335,heat stress transcription factor B-4b-like,NC_052394.1,15982643,15984708,-,Stress_Osmoprotectants
LOC103706309,calcium-dependent protein kinase 2-like,NC_052394.1,16191049,16195381,-,Protein_Kinases
LOC103718618,xylulose kinase 2-like%2C transcript variant X3,NC_052394.1,16374476,16385025,-,Protein_Kinases
LOC103718622,dephospho-CoA kinase%2C transcript variant X8,NC_052394.1,16425731,16433566,-,Protein_Kinases
LOC103722961,SNF1-related protein kinase regulatory subunit beta-1-like%2C transcript variant X2,NC_052394.1,16720542,16728974,+,Protein_Kinases
LOC103722966,CBL-interacting protein kinase 32%2C transcript variant X2,NC_052394.1,16777834,16787892,-,Protein_Kinases
LOC103709055,calcium and calcium/calmodulin-dependent serine/threonine-protein kinase-like%2C transcript variant X1,NC_052394.1,17218813,17227105,+,Protein_Kinases
LOC103709122,pyruvate kinase%2C cytosolic isozyme-like,NC_052394.1,17764547,17767648,+,Protein_Kinases
LOC120110286,pyruvate kinase%2C cytosolic isozyme-like,NC_052394.1,17807033,17810799,-,Protein_Kinases
LOC103717905,probable leucine-rich repeat receptor-like protein kinase At5g49770,NC_052394.1,18194644,18198328,+,Protein_Kinases
LOC103717891,probable leucine-rich repeat receptor-like protein kinase At5g49770,NC_052394.1,18231212,18237649,+,Protein_Kinases
LOC103717902,cation/H(+) antiporter 15,NC_052394.1,18361485,18365673,-,Ion_Transporters
LOC103717901,cation/H(+) antiporter 15-like,NC_052394.1,18375060,18379440,-,Ion_Transporters
LOC103717880,probable serine/threonine-protein kinase PBL8,NC_052394.1,18413758,18424087,+,Protein_Kinases
LOC103717872,cyclin-dependent kinase B1-1,NC_052394.1,18610371,18618494,+,Protein_Kinases
LOC103717896,proline-rich receptor-like protein kinase PERK3,NC_052394.1,18651831,18653720,+,Protein_Kinases
LOC120110123,probable histidine kinase 2,NC_052394.1,18728656,18733392,+,Protein_Kinases
LOC103716688,probable LRR receptor-like serine/threonine-protein kinase At1g06840%2C transcript variant X1,NC_052394.1,18863657,18922486,-,Protein_Kinases
LOC103716681,probable inactive receptor kinase At5g58300%2C transcript variant X2,NC_052394.1,18996980,19003928,+,Protein_Kinases
LOC120110296,probable histidine kinase 2%2C transcript variant X1,NC_052394.1,19081596,19101382,-,Protein_Kinases
LOC120110125,histidine kinase CKI1-like,NC_052394.1,19085533,19086513,-,Protein_Kinases
LOC120110126,probable histidine kinase 2,NC_052394.1,19112573,19116914,-,Protein_Kinases
LOC120110127,probable histidine kinase 2,NC_052394.1,19120148,19123811,-,Protein_Kinases
LOC103706313,serine/threonine-protein kinase STN8%2C chloroplastic%2C transcript variant X1,NC_052394.1,19150868,19155045,-,Protein_Kinases
LOC103706241,uncharacterized aarF domain-containing protein kinase At5g05200%2C chloroplastic,NC_052394.1,19167286,19180262,-,Protein_Kinases
LOC103706252,probable LRR receptor-like serine/threonine-protein kinase IRK,NC_052394.1,19357771,19362250,+,Protein_Kinases
LOC103706258,probable serine/threonine-protein kinase PBL1,NC_052394.1,19430405,19435545,-,Protein_Kinases
LOC103713421,serine/threonine-protein kinase STY13,NC_052394.1,19554793,19564430,-,Protein_Kinases
LOC103713425,probable serine/threonine-protein kinase WNK5%2C transcript variant X1,NC_052394.1,19625680,19633686,+,Protein_Kinases
LOC103721957,CBL-interacting protein kinase 18,NC_052394.1,19749755,19752777,+,Protein_Kinases
LOC103721952,CBL-interacting serine/threonine-protein kinase 14,NC_052394.1,19798413,19800217,-,Protein_Kinases
LOC103714408,cation/H(+) antiporter 15,NC_052394.1,20261103,20264821,-,Ion_Transporters
LOC103714373,probably inactive leucine-rich repeat receptor-like protein kinase IMK2,NC_052394.1,20354005,20357364,-,Protein_Kinases
LOC103697591,gamma-interferon-responsive lysosomal thiol protein,NC_052394.1,20611864,20616543,+,Other_Signaling_Metabolism
LOC103718087,inactive receptor-like serine/threonine-protein kinase At2g40270%2C transcript variant X2,NC_052394.1,20728017,20737494,+,Protein_Kinases
LOC103718108,probable phytol kinase 2%2C chloroplastic,NC_052394.1,20807656,20814693,+,Protein_Kinases
LOC103718329,calcium-dependent protein kinase 3-like,NC_052394.1,21070388,21082585,+,Protein_Kinases
LOC103718363,dual specificity tyrosine-phosphorylation-regulated kinase 4-like%2C transcript variant X1,NC_052394.1,21165827,21174781,+,Protein_Kinases
LOC103702874,probable serine/threonine-protein kinase PBL26%2C transcript variant X1,NC_052394.1,21299029,21304798,-,Protein_Kinases
LOC103702853,probable LRR receptor-like serine/threonine-protein kinase At1g67720%2C transcript variant X3,NC_052394.1,21588336,21598227,+,Protein_Kinases
LOC103702825,glucuronokinase 1-like%2C transcript variant X3,NC_052394.1,21933388,21939798,+,Protein_Kinases
LOC103702910,probable membrane-associated kinase regulator 4,NC_052394.1,22032917,22035164,+,Protein_Kinases
LOC103705931,serine/threonine-protein kinase AFC1-like%2C transcript variant X1,NC_052394.1,22211824,22217536,-,Protein_Kinases
LOC103716501,cyclin-dependent protein kinase inhibitor SMR12,NC_052394.1,22713260,22714797,-,Protein_Kinases
LOC103716483,receptor-like cytoplasmic kinase 176,NC_052394.1,22910392,22913961,+,Protein_Kinases
LOC103704143,L-type lectin-domain containing receptor kinase SIT2-like,NC_052394.1,23254096,23256522,-,Protein_Kinases
LOC108511030,universal stress protein PHOS32-like,NC_052394.1,23647136,23649883,-,Stress_Osmoprotectants
LOC103704184,L-type lectin-domain containing receptor kinase VIII.1-like,NC_052394.1,23820463,23821910,+,Protein_Kinases
LOC103704027,putative serine/threonine-protein kinase%2C transcript variant X1,NC_052394.1,24451201,24456225,-,Protein_Kinases
LOC103699625,G-type lectin S-receptor-like serine/threonine-protein kinase At2g19130,NC_052395.1,753392,755824,-,Protein_Kinases
LOC103712875,probable leucine-rich repeat receptor-like protein kinase At1g68400,NC_052395.1,1150336,1155235,-,Protein_Kinases
LOC108510695,probable serine/threonine-protein kinase PIX7%2C transcript variant X1,NC_052395.1,2320241,2331680,+,Protein_Kinases
LOC103724077,casein kinase 1-like protein 2,NC_052395.1,3230048,3241204,+,Protein_Kinases
LOC103711161,receptor-like serine/threonine-protein kinase ALE2%2C transcript variant X9,NC_052395.1,3589973,3600137,-,Protein_Kinases
LOC103714333,serine/threonine-protein kinase Aurora-1,NC_052395.1,4643443,4647762,+,Protein_Kinases
LOC103714334,ATP-dependent 6-phosphofructokinase 3-like,NC_052395.1,4649747,4658603,-,Protein_Kinases
LOC103714344,mitogen-activated protein kinase kinase 1-like,NC_052395.1,4826909,4836185,-,Protein_Kinases
LOC103698392,hexokinase-2-like,NC_052395.1,5335547,5352948,+,Protein_Kinases
LOC103698393,receptor-like protein kinase HSL1,NC_052395.1,5354043,5358359,-,Protein_Kinases
LOC103721889,lysM domain receptor-like kinase 3,NC_052395.1,5468108,5480114,+,Protein_Kinases
LOC103717844,casein kinase 1-like protein HD16%2C transcript variant X3,NC_052395.1,5745696,5752130,-,Protein_Kinases
LOC103720175,L-type lectin-domain containing receptor kinase VII.1-like,NC_052395.1,6318973,6323385,-,Protein_Kinases
LOC103721273,dual specificity protein kinase splB-like%2C transcript variant X3,NC_052395.1,6393629,6400424,-,Protein_Kinases
LOC103717204,integrin-linked protein kinase 1-like,NC_052395.1,6800983,6816689,-,Protein_Kinases
LOC103723413,probable LRR receptor-like serine/threonine-protein kinase At1g07650%2C transcript variant X2,NC_052395.1,7004923,7021070,-,Protein_Kinases
LOC103695885,probable leucine-rich repeat receptor-like serine/threonine-protein kinase At3g14840%2C transcript variant X7,NC_052395.1,7151842,7156340,+,Protein_Kinases
LOC120110444,probable LRR receptor-like serine/threonine-protein kinase At1g53430,NC_052395.1,7179867,7187425,+,Protein_Kinases
LOC103695886,probable LRR receptor-like serine/threonine-protein kinase At1g53440,NC_052395.1,7201516,7220274,+,Protein_Kinases
LOC103695888,probable LRR receptor-like serine/threonine-protein kinase At1g53440,NC_052395.1,7228658,7235998,+,Protein_Kinases
LOC103696735,heat stress transcription factor A-4b-like%2C transcript variant X2,NC_052395.1,7330765,7333549,+,Stress_Osmoprotectants
LOC103714323,K(+) efflux antiporter 4,NC_052395.1,7373480,7396606,+,Ion_Transporters
LOC103721815,inactive protein kinase SELMODRAFT_444075-like,NC_052395.1,7465092,7475256,-,Protein_Kinases
LOC103714200,phosphatidylinositol 4-kinase gamma 4-like,NC_052395.1,7878118,7883003,+,Protein_Kinases
LOC103714193,nucleoside diphosphate kinase 3-like,NC_052395.1,8120826,8128771,-,Protein_Kinases
LOC113460934,serine/threonine-protein kinase AGC1-7-like,NC_052395.1,8196041,8200557,+,Protein_Kinases
LOC103714188,leucine-rich repeat receptor-like serine/threonine-protein kinase BAM3,NC_052395.1,8201202,8207434,+,Protein_Kinases
LOC103706864,shaggy-related protein kinase eta%2C transcript variant X2,NC_052395.1,9515038,9523501,-,Protein_Kinases
LOC103706865,probable serine/threonine-protein kinase PBL7%2C transcript variant X2,NC_052395.1,9531131,9535177,-,Protein_Kinases
LOC103706882,CBL-interacting protein kinase 19-like%2C transcript variant X2,NC_052395.1,9601175,9603438,+,Protein_Kinases
LOC103706910,CBL-interacting protein kinase 5-like,NC_052395.1,9610875,9612512,-,Protein_Kinases
LOC103706893,serine/threonine-protein kinase EDR1-like%2C transcript variant X1,NC_052395.1,9909312,9969757,+,Protein_Kinases
LOC103724324,bifunctional riboflavin kinase/FMN phosphatase-like%2C transcript variant X2,NC_052395.1,10142542,10148724,+,Protein_Kinases
LOC103707322,receptor-like protein kinase HSL1%2C transcript variant X1,NC_052395.1,10960459,10964475,+,Protein_Kinases
LOC120110470,probable L-type lectin-domain containing receptor kinase S.7,NC_052395.1,11133456,11135847,+,Protein_Kinases
LOC103700624,probable serine/threonine-protein kinase PBL3,NC_052395.1,11260559,11269559,+,Protein_Kinases
LOC103704312,ribokinase,NC_052395.1,12686702,12691081,-,Protein_Kinases
LOC103712682,mitogen-activated protein kinase 10-like%2C transcript variant X1,NC_052395.1,12764193,12773316,-,Protein_Kinases
LOC103712698,probable receptor-like protein kinase At2g42960%2C transcript variant X2,NC_052395.1,13103672,13109040,+,Protein_Kinases
LOC103696796,proline-rich receptor-like protein kinase PERK8,NC_052395.1,14766807,14773049,-,Protein_Kinases
LOC103723380,serine/threonine-protein kinase STY13-like,NC_052395.1,14876905,14887379,-,Protein_Kinases
LOC103722272,mitogen-activated protein kinase 9-like%2C transcript variant X5,NC_052395.1,15617373,15627328,-,Protein_Kinases
LOC103697640,serine/threonine-protein kinase STN7%2C chloroplastic%2C transcript variant X1,NC_052395.1,16890387,16897169,-,Protein_Kinases
LOC103708172,TSL-kinase interacting protein 1%2C transcript variant X1,NC_052395.1,17371677,17381409,+,Protein_Kinases
LOC103708163,cysteine-rich receptor-like protein kinase 2,NC_052395.1,17524681,17535507,-,Protein_Kinases
LOC103695805,receptor-like protein kinase THESEUS 1,NC_052395.1,18044421,18051237,+,Protein_Kinases
LOC103719340,sphingosine kinase 1%2C transcript variant X1,NC_052395.1,18264123,18270825,-,Protein_Kinases
LOC103711223,probable serine/threonine-protein kinase abkC%2C transcript variant X1,NC_052395.1,18792538,18802691,+,Protein_Kinases
LOC120110536,heat stress transcription factor A-3-like%2C transcript variant X1,NC_052395.1,18986416,18989212,+,Stress_Osmoprotectants
LOC103713940,probable serine/threonine protein kinase IRE%2C transcript variant X1,NC_052395.1,19435425,19453683,+,Protein_Kinases
LOC103713943,calcium permeable stress-gated cation channel 1-like,NC_052395.1,19546341,19567939,+,Ion_Transporters
LOC103713973,mitogen-activated protein kinase kinase kinase 18-like,NC_052395.1,19618892,19620049,+,Protein_Kinases
LOC103712807,universal stress protein A-like protein,NC_052395.1,19973758,19979156,-,Stress_Osmoprotectants
LOC103712818,LEAF RUST 10 DISEASE-RESISTANCE LOCUS RECEPTOR-LIKE PROTEIN KINASE-like 1.2%2C transcript variant X2,NC_052395.1,20329426,20349570,-,Protein_Kinases
LOC113463076,LEAF RUST 10 DISEASE-RESISTANCE LOCUS RECEPTOR-LIKE PROTEIN KINASE-like 1.2,NC_052395.1,20339520,20350668,-,Protein_Kinases
LOC103712816,LEAF RUST 10 DISEASE-RESISTANCE LOCUS RECEPTOR-LIKE PROTEIN KINASE-like 2.1,NC_052395.1,20360089,20369501,+,Protein_Kinases
LOC120110545,LEAF RUST 10 DISEASE-RESISTANCE LOCUS RECEPTOR-LIKE PROTEIN KINASE-like 2.7,NC_052395.1,20420018,20422086,+,Protein_Kinases
LOC103712814,LEAF RUST 10 DISEASE-RESISTANCE LOCUS RECEPTOR-LIKE PROTEIN KINASE-like 2.1,NC_052395.1,20476801,20482769,+,Protein_Kinases
LOC103696149,LEAF RUST 10 DISEASE-RESISTANCE LOCUS RECEPTOR-LIKE PROTEIN KINASE-like 2.1,NC_052395.1,20518181,20524153,+,Protein_Kinases
LOC103721560,receptor protein kinase-like protein ZAR1,NC_052395.1,20716147,20719594,+,Protein_Kinases
LOC103722343,protein kinase and PP2C-like domain-containing protein%2C transcript variant X1,NC_052395.1,20953657,20968426,-,Protein_Kinases
LOC103708138,mitogen-activated protein kinase 4%2C transcript variant X2,NC_052395.1,21126517,21132556,+,Protein_Kinases
LOC103708145,abscisic acid and environmental stress-inducible protein TAS14,NC_052395.1,21189390,21190552,+,Stress_Osmoprotectants
LOC113462724,receptor-like serine/threonine-protein kinase SD1-8%2C transcript variant X1,NC_052395.1,21570132,21576652,+,Protein_Kinases
LOC120110659,receptor-like serine/threonine-protein kinase SD1-8,NC_052395.1,21584706,21586990,+,Protein_Kinases
LOC103697497,G-type lectin S-receptor-like serine/threonine-protein kinase SD1-1%2C transcript variant X1,NC_052395.1,21588023,21590592,+,Protein_Kinases
LOC103697499,G-type lectin S-receptor-like serine/threonine-protein kinase At4g27290%2C transcript variant X3,NC_052395.1,21599346,21605083,+,Protein_Kinases
LOC108510942,G-type lectin S-receptor-like serine/threonine-protein kinase SD1-1%2C transcript variant X3,NC_052395.1,21629458,21660430,+,Protein_Kinases
LOC120110554,receptor-like serine/threonine-protein kinase SD1-8,NC_052395.1,21665315,21671335,+,Protein_Kinases
LOC103700767,receptor-like serine/threonine-protein kinase SD1-8,NC_052395.1,21690134,21696071,+,Protein_Kinases
LOC103695870,G-type lectin S-receptor-like serine/threonine-protein kinase LECRK3,NC_052395.1,21718250,21723497,-,Protein_Kinases
LOC120110553,G-type lectin S-receptor-like serine/threonine-protein kinase LECRK3%2C transcript variant X1,NC_052395.1,21743878,21748897,-,Protein_Kinases
LOC120110660,G-type lectin S-receptor-like serine/threonine-protein kinase LECRK3,NC_052395.1,21792299,21808990,-,Protein_Kinases
LOC120110556,receptor-like serine/threonine-protein kinase SD1-8%2C transcript variant X1,NC_052395.1,21840664,21844998,+,Protein_Kinases
LOC103698403,receptor-like serine/threonine-protein kinase SD1-8,NC_052395.1,21974293,21983896,+,Protein_Kinases
LOC120110662,receptor-like serine/threonine-protein kinase SD1-8,NC_052395.1,22079735,22102165,+,Protein_Kinases
LOC103699303,G-type lectin S-receptor-like serine/threonine-protein kinase At1g11300,NC_052395.1,22205409,22209314,-,Protein_Kinases
LOC103706610,universal stress protein PHOS32-like%2C transcript variant X3,NC_052395.1,22407053,22418475,-,Stress_Osmoprotectants
LOC103706608,G-type lectin S-receptor-like serine/threonine-protein kinase At2g19130,NC_052395.1,22429051,22453807,-,Protein_Kinases
LOC103710751,G-type lectin S-receptor-like serine/threonine-protein kinase At2g19130,NC_052395.1,22442506,22446283,-,Protein_Kinases
LOC120110564,G-type lectin S-receptor-like serine/threonine-protein kinase At2g19130%2C transcript variant X1,NC_052395.1,22478789,22487796,-,Protein_Kinases
LOC113460916,G-type lectin S-receptor-like serine/threonine-protein kinase At2g19130,NC_052395.1,22518253,22519810,-,Protein_Kinases
LOC103710748,G-type lectin S-receptor-like serine/threonine-protein kinase At2g19130,NC_052395.1,22573715,22576411,-,Protein_Kinases
LOC120110566,G-type lectin S-receptor-like serine/threonine-protein kinase At2g19130,NC_052395.1,22580139,22582902,-,Protein_Kinases
LOC103696545,cysteine-rich receptor-like protein kinase 10,NC_052395.1,22634127,22636463,+,Protein_Kinases
LOC103696543,cysteine-rich receptor-like protein kinase 6,NC_052395.1,22639194,22644535,+,Protein_Kinases
LOC103717695,cysteine-rich receptor-like protein kinase 6,NC_052395.1,22790601,22803405,+,Protein_Kinases
LOC113461548,cysteine-rich receptor-like protein kinase 10,NC_052395.1,22840852,22844998,+,Protein_Kinases
LOC103698634,cysteine-rich receptor-like protein kinase 6,NC_052395.1,22849173,22854725,+,Protein_Kinases
LOC103697911,cysteine-rich receptor-like protein kinase 10,NC_052395.1,22883247,22887205,-,Protein_Kinases
LOC103697174,cysteine-rich receptor-like protein kinase 6%2C transcript variant X2,NC_052395.1,22914795,22920133,+,Protein_Kinases
LOC103717039,cysteine-rich receptor-like protein kinase 10%2C transcript variant X5,NC_052395.1,23027820,23032273,+,Protein_Kinases
LOC103698462,cysteine-rich receptor-like protein kinase 10,NC_052395.1,23036035,23039469,-,Protein_Kinases
LOC103699155,cysteine-rich receptor-like protein kinase 10,NC_052395.1,23087547,23104111,-,Protein_Kinases
LOC113461200,cysteine-rich receptor-like protein kinase 29,NC_052395.1,23105215,23112204,+,Protein_Kinases
LOC103696323,putative receptor-like protein kinase At4g00960,NC_052395.1,23115502,23120130,+,Protein_Kinases
LOC103697754,putative receptor-like protein kinase At4g00960,NC_052395.1,23160579,23164180,+,Protein_Kinases
LOC103709977,calcium/calmodulin-regulated receptor-like kinase 1,NC_052395.1,23382775,23388343,-,Protein_Kinases
LOC120110673,cysteine-rich receptor-like protein kinase 10,NC_052395.1,23868479,23876477,-,Protein_Kinases
LOC103715354,probable pyruvate%2C phosphate dikinase regulatory protein%2C chloroplastic,NC_052395.1,24213326,24217883,-,Protein_Kinases
LOC103715355,probable pyruvate%2C phosphate dikinase regulatory protein%2C chloroplastic,NC_052395.1,24218731,24222050,-,Protein_Kinases
LOC113462019,zinc finger A20 and AN1 domain-containing stress-associated protein 1-like,NC_052395.1,25222231,25223036,-,Transcription_Factors
LOC103717626,calcium-dependent protein kinase 19-like,NC_052395.1,25873675,25882152,+,Protein_Kinases
LOC103711351,serine/threonine-protein kinase STY13-like,NC_052395.1,29125770,29135251,-,Protein_Kinases
LOC103707190,mitotic checkpoint serine/threonine-protein kinase BUB1,NC_052395.1,29568118,29573557,-,Protein_Kinases
LOC103707176,serine/threonine-protein kinase 24-like%2C transcript variant X2,NC_052395.1,29702168,29722267,+,Protein_Kinases
LOC103707153,probable sodium/metabolite cotransporter BASS1%2C chloroplastic%2C transcript variant X1,NC_052395.1,29940137,29955661,+,Ion_Transporters
LOC103707137,protein RICE SALT SENSITIVE 3-like,NC_052395.1,30218238,30221506,+,Other_Signaling_Metabolism
LOC120110687,death-associated protein kinase dapk-1-like,NC_052395.1,30453789,30454271,-,Protein_Kinases
LOC103713347,serine/threonine-protein kinase Nek2-like%2C transcript variant X1,NC_052395.1,30738028,30744226,-,Protein_Kinases
LOC103697286,fructokinase-like 2%2C chloroplastic,NC_052395.1,31705856,31722793,+,Protein_Kinases
LOC103705461,serine/threonine-protein kinase 25-like%2C transcript variant X1,NC_052395.1,31956577,31970470,-,Protein_Kinases
LOC103718209,LRR receptor-like serine/threonine-protein kinase RPK2%2C transcript variant X4,NC_052395.1,32424568,32431549,-,Protein_Kinases
LOC103714632,probable serine/threonine-protein kinase PBL23%2C transcript variant X1,NC_052396.1,164785,170230,+,Protein_Kinases
LOC120110784,phosphoribulokinase%2C chloroplastic-like,NC_052396.1,660511,664663,-,Protein_Kinases
LOC120110793,mitogen-activated protein kinase kinase 10-like,NC_052396.1,1008351,1010624,-,Protein_Kinases
LOC103696761,heat stress transcription factor A-1-like,NC_052396.1,1016834,1022492,-,Stress_Osmoprotectants
LOC103703908,cyclin-dependent kinase inhibitor 5-like,NC_052396.1,1302305,1306180,-,Protein_Kinases
LOC103703914,probable serine/threonine-protein kinase PBL7,NC_052396.1,1401742,1404733,-,Protein_Kinases
LOC103703922,serine/threonine-protein kinase tricornered-like%2C transcript variant X1,NC_052396.1,1462992,1476530,+,Protein_Kinases
LOC103703944,phosphoenolpyruvate carboxylase kinase 2-like,NC_052396.1,1796939,1798547,+,Protein_Kinases
LOC103703946,adenosine kinase 2-like,NC_052396.1,1826103,1834267,-,Protein_Kinases
LOC103703976,acetylglutamate kinase-like,NC_052396.1,2116361,2117886,-,Protein_Kinases
LOC103703981,phosphoenolpyruvate carboxykinase (ATP) 1,NC_052396.1,2169422,2176791,-,Protein_Kinases
LOC103711671,ceramide kinase%2C transcript variant X2,NC_052396.1,2457174,2468053,-,Protein_Kinases
LOC103704654,putative kinase-like protein TMKL1,NC_052396.1,2504675,2507607,+,Protein_Kinases
LOC103704667,serine/threonine-protein kinase D6PKL1-like,NC_052396.1,2665567,2671846,-,Protein_Kinases
LOC103704602,nucleoside diphosphate kinase B,NC_052396.1,2745431,2748338,-,Protein_Kinases
LOC103704679,pyruvate kinase isozyme G%2C chloroplastic%2C transcript variant X2,NC_052396.1,3293095,3303831,+,Protein_Kinases
LOC103704712,phosphoenolpyruvate carboxykinase (ATP)-like,NC_052396.1,3694562,3705116,-,Protein_Kinases
LOC103704715,inositol-tetrakisphosphate 1-kinase 5-like%2C transcript variant X3,NC_052396.1,3724053,3736385,+,Protein_Kinases
LOC103696762,mitogen-activated protein kinase kinase 10,NC_052396.1,3791193,3792176,+,Protein_Kinases
LOC103712190,CDPK-related kinase 3-like,NC_052396.1,4740961,4760094,+,Protein_Kinases
LOC103712201,probable LRR receptor-like serine/threonine-protein kinase At4g36180,NC_052396.1,4939763,4941043,+,Protein_Kinases
LOC103712205,salt tolerance receptor-like cytoplasmic kinase 1,NC_052396.1,4967286,4968910,-,Protein_Kinases
LOC103722051,sphingoid long-chain bases kinase 1-like,NC_052396.1,5101982,5120197,+,Protein_Kinases
LOC120110923,probable inactive serine/threonine-protein kinase slob2,NC_052396.1,5456063,5456563,+,Protein_Kinases
LOC103707697,heat stress transcription factor B-2b-like%2C transcript variant X1,NC_052396.1,5688473,5691867,+,Stress_Osmoprotectants
LOC103711152,shaggy-related protein kinase alpha-like%2C transcript variant X2,NC_052396.1,5782152,5794100,-,Protein_Kinases
LOC120110832,probable LRR receptor-like serine/threonine-protein kinase At1g12460,NC_052396.1,6462891,6466219,-,Protein_Kinases
LOC103716891,probable LRR receptor-like serine/threonine-protein kinase At1g12460,NC_052396.1,6551328,6554828,-,Protein_Kinases
LOC103721621,probable serine/threonine-protein kinase At1g01540%2C transcript variant X2,NC_052396.1,6961490,6964814,-,Protein_Kinases
LOC103720091,probable membrane-associated kinase regulator 6,NC_052396.1,7081671,7082853,-,Protein_Kinases
LOC103720086,probable receptor-like protein kinase At5g24010,NC_052396.1,7104908,7106695,-,Protein_Kinases
LOC103711463,probable receptor-like protein kinase At5g24010%2C transcript variant X2,NC_052396.1,7110160,7139988,-,Protein_Kinases
LOC103702761,serine/threonine-protein kinase ATG1a-like%2C transcript variant X1,NC_052396.1,7515194,7536284,-,Protein_Kinases
LOC103710352,cyclin-dependent kinases regulatory subunit 1%2C transcript variant X2,NC_052396.1,7978074,7979102,+,Protein_Kinases
LOC120110857,calmodulin-binding receptor-like cytoplasmic kinase 2,NC_052396.1,8309714,8317509,+,Protein_Kinases
LOC103710914,SNF1-related protein kinase regulatory subunit beta-3,NC_052396.1,9254611,9264428,+,Protein_Kinases
LOC103717728,mitogen-activated protein kinase kinase kinase YODA-like%2C transcript variant X5,NC_052396.1,11800485,11840191,-,Protein_Kinases
LOC120110898,cyclin-dependent kinase E-1-like%2C transcript variant X2,NC_052396.1,13754495,13760869,-,Protein_Kinases
LOC103723987,probable serine/threonine-protein kinase PIX13,NC_052396.1,15441826,15445101,+,Protein_Kinases
LOC103701655,serine/threonine-protein kinase PRP4 homolog,NC_052396.1,16668113,16670919,+,Protein_Kinases
LOC120110907,cyclin-dependent kinase B1-1-like%2C transcript variant X1,NC_052396.1,16833286,16840512,-,Protein_Kinases
LOC103712491,probable leucine-rich repeat receptor-like protein kinase At1g68400,NC_052396.1,16857032,16859833,-,Protein_Kinases
LOC103713009,dual specificity protein kinase YAK1 homolog%2C transcript variant X4,NC_052396.1,17897686,17932007,+,Protein_Kinases
LOC103716665,probable serine/threonine-protein kinase PBL15,NC_052396.1,18168409,18173660,-,Protein_Kinases
LOC103716644,LRR receptor-like serine/threonine-protein kinase FEI 1,NC_052396.1,18239239,18271631,-,Protein_Kinases
LOC103703785,LRR receptor-like serine/threonine-protein kinase,NC_052397.1,103294,107771,+,Protein_Kinases
LOC103703776,mitogen-activated protein kinase kinase 3%2C transcript variant X3,NC_052397.1,257090,274036,+,Protein_Kinases
LOC103703773,ribose-phosphate pyrophosphokinase 4%2C transcript variant X1,NC_052397.1,292602,301938,-,Protein_Kinases
LOC120110977,uncharacterized sugar kinase slr0537,NC_052397.1,696535,700795,-,Protein_Kinases
LOC103698521,serine/threonine-protein kinase TOR%2C transcript variant X3,NC_052397.1,843486,903600,+,Protein_Kinases
LOC103702001,phosphatidylinositol 3-kinase%2C root isoform%2C transcript variant X2,NC_052397.1,945894,963884,+,Protein_Kinases
LOC103702000,pantothenate kinase 2-like,NC_052397.1,982356,1004258,+,Protein_Kinases
LOC103702060,serine/threonine-protein kinase ATM,NC_052397.1,1070319,1153243,+,Protein_Kinases
LOC103701995,universal stress protein A-like protein,NC_052397.1,1160881,1169424,-,Stress_Osmoprotectants
LOC103701992,proline-rich receptor-like protein kinase PERK12,NC_052397.1,1198129,1204376,-,Protein_Kinases
LOC103701990,serine/threonine-protein kinase BLUS1%2C transcript variant X1,NC_052397.1,1218313,1242123,-,Protein_Kinases
LOC103701983,serine/threonine/tyrosine-protein kinase HT1-like%2C transcript variant X2,NC_052397.1,1311995,1317834,-,Protein_Kinases
LOC103701974,serine/threonine-protein kinase STY13-like,NC_052397.1,1441625,1449364,+,Protein_Kinases
LOC103701972,proline-rich receptor-like protein kinase PERK8,NC_052397.1,1484611,1491778,+,Protein_Kinases
LOC103702054,putative cysteine-rich receptor-like protein kinase 23,NC_052397.1,1940096,1941688,+,Protein_Kinases
LOC103697167,rust resistance kinase Lr10-like,NC_052397.1,2285004,2287759,+,Protein_Kinases
LOC108510665,rust resistance kinase Lr10-like,NC_052397.1,2291564,2295832,+,Protein_Kinases
LOC103713358,receptor protein kinase TMK1-like,NC_052397.1,2413865,2418220,-,Protein_Kinases
LOC103696690,probable histidine kinase 4,NC_052397.1,2479238,2489120,+,Protein_Kinases
LOC103713200,putative 3%2C4-dihydroxy-2-butanone kinase,NC_052397.1,2637342,2681152,+,Protein_Kinases
LOC103713759,serine/threonine-protein kinase BRI1-like 2,NC_052397.1,2817172,2821122,+,Protein_Kinases
LOC103713099,serine/threonine-protein kinase ppk5-like%2C transcript variant X1,NC_052397.1,2857762,2873361,-,Protein_Kinases
LOC103713094,sodium/hydrogen exchanger 8%2C transcript variant X1,NC_052397.1,2887991,2937177,+,Ion_Transporters
LOC103713731,G-type lectin S-receptor-like serine/threonine-protein kinase At4g27290%2C transcript variant X1,NC_052397.1,2985524,2990463,+,Protein_Kinases
LOC120110984,aarF domain-containing protein kinase 1-like%2C transcript variant X3,NC_052397.1,3023690,3036170,+,Protein_Kinases
LOC103713013,serine/threonine-protein kinase GRIK2-like,NC_052397.1,3111948,3117772,+,Protein_Kinases
LOC103713703,probable protein kinase At2g41970,NC_052397.1,3120011,3122998,-,Protein_Kinases
LOC103712966,casein kinase 1-like protein HD16%2C transcript variant X4,NC_052397.1,3144021,3154306,-,Protein_Kinases
LOC103712661,stress-response A/B barrel domain-containing protein UP3,NC_052397.1,3523282,3531551,+,Stress_Osmoprotectants
LOC103712624,MOB kinase activator-like 1A%2C transcript variant X2,NC_052397.1,3648423,3652745,+,Protein_Kinases
LOC103712598,stress enhanced protein 1%2C chloroplastic-like,NC_052397.1,3659179,3664461,+,Stress_Osmoprotectants
LOC103705080,probable GTP diphosphokinase RSH2%2C chloroplastic%2C transcript variant X1,NC_052397.1,3821881,3828657,-,Protein_Kinases
LOC103702075,serine/threonine-protein kinase RIPK-like%2C transcript variant X1,NC_052397.1,3871552,3876202,+,Protein_Kinases
LOC103705101,pollen receptor-like kinase 3,NC_052397.1,4102040,4104611,-,Protein_Kinases
LOC103702560,1-phosphatidylinositol-3-phosphate 5-kinase FAB1A-like%2C transcript variant X1,NC_052397.1,4540270,4553339,+,Protein_Kinases
LOC103703498,stress enhanced protein 2%2C chloroplastic,NC_052397.1,6268813,6270731,+,Stress_Osmoprotectants
LOC103703479,shikimate kinase 3%2C chloroplastic-like,NC_052397.1,6319673,6324264,-,Protein_Kinases
LOC120103654,cyclin-dependent kinase C-2-like%2C transcript variant X2,NC_052397.1,6506274,6515032,-,Protein_Kinases
SERK3,LRR receptor kinase SERK2%2C transcript variant X3,NC_052397.1,6973060,6993867,+,Protein_Kinases
LOC120103653,cyclin-dependent kinase C-2-like,NC_052397.1,7333167,7341539,+,Protein_Kinases
LOC103695642,sodium channel modifier 1-like,NC_052397.1,7407838,7415093,-,Ion_Transporters
LOC103697029,mitogen-activated protein kinase kinase kinase 1-like,NC_052397.1,9064080,9127405,+,Protein_Kinases
LOC103714921,stress-associated endoplasmic reticulum protein 2-like,NC_052397.1,11441709,11448157,-,Stress_Osmoprotectants
LOC103713354,probable serine/threonine-protein kinase WNK11%2C transcript variant X2,NC_052397.1,11840474,11843070,+,Protein_Kinases
LOC120103998,guanylate kinase 1-like%2C transcript variant X1,NC_052397.1,11893440,11897569,+,Protein_Kinases
LOC103717807,calcium-dependent protein kinase 20-like,NC_052397.1,12004032,12009781,+,Protein_Kinases
LOC103705273,casein kinase II subunit alpha-2,NC_052397.1,13598624,13614133,+,Protein_Kinases
LOC103705320,putative receptor-like protein kinase At3g47110,NC_052397.1,14392067,14392678,-,Protein_Kinases
LOC103699166,probable LRR receptor-like serine/threonine-protein kinase At1g74360,NC_052397.1,14437127,14440847,-,Protein_Kinases
LOC103710125,probable LRR receptor-like serine/threonine-protein kinase At1g74360,NC_052397.1,14464352,14469007,-,Protein_Kinases
LOC103709257,probable leucine-rich repeat receptor-like protein kinase At1g35710,NC_052397.1,14767898,14778078,-,Protein_Kinases
LOC103709250,diacylglycerol kinase 1%2C transcript variant X4,NC_052397.1,14864701,14875430,-,Protein_Kinases
LOC103707567,SNF1-related protein kinase regulatory subunit beta-2-like,NC_052397.1,15927914,15935339,+,Protein_Kinases
LOC103707610,probable LRR receptor-like serine/threonine-protein kinase At2g16250,NC_052397.1,16245979,16258490,+,Protein_Kinases
LOC103707648,probable receptor-like serine/threonine-protein kinase At4g34500,NC_052397.1,16408771,16414464,+,Protein_Kinases
LOC103707644,proline-rich receptor-like protein kinase PERK4,NC_052397.1,16526643,16531010,-,Protein_Kinases
LOC120111125,SNF1-related protein kinase regulatory subunit beta-2-like%2C transcript variant X2,NC_052397.1,16896439,16905024,-,Protein_Kinases
LOC103707653,leucine-rich repeat receptor-like serine/threonine-protein kinase BAM1,NC_052397.1,17176517,17180503,+,Protein_Kinases
LOC103707628,inositol-tetrakisphosphate 1-kinase 3-like%2C transcript variant X1,NC_052397.1,17241552,17253791,+,Protein_Kinases
LOC103707661,L-type lectin-domain containing receptor kinase SIT2-like,NC_052397.1,17323802,17326154,+,Protein_Kinases
LOC103707662,L-type lectin-domain containing receptor kinase SIT2-like,NC_052397.1,17328007,17330078,+,Protein_Kinases
LOC103723952,serine/threonine receptor-like kinase NFP,NC_052397.1,18186144,18188153,-,Protein_Kinases
LOC103707476,wall-associated receptor kinase-like 14,NC_052397.1,18395304,18399976,-,Protein_Kinases
LOC103707475,inactive protein kinase SELMODRAFT_444075-like%2C transcript variant X2,NC_052397.1,18404693,18413974,-,Protein_Kinases
LOC120111269,calcium-dependent protein kinase 27-like%2C transcript variant X2,NC_052398.1,1311,5591,-,Protein_Kinases
LOC103714124,probable LRR receptor-like serine/threonine-protein kinase At1g56140,NC_052398.1,306247,311293,-,Protein_Kinases
LOC103715558,cation transporter HKT1-like%2C transcript variant X1,NC_052398.1,919443,922257,-,Ion_Transporters
LOC103715542,L-arabinokinase-like%2C transcript variant X2,NC_052398.1,1034953,1052753,+,Protein_Kinases
LOC103715546,pollen receptor-like kinase 1,NC_052398.1,1122232,1125307,-,Protein_Kinases
LOC103697732,probable receptor-like serine/threonine-protein kinase At5g57670,NC_052398.1,1339188,1344956,-,Protein_Kinases
LOC103720430,mitogen-activated protein kinase kinase 5-like,NC_052398.1,1560618,1562260,-,Protein_Kinases
LOC103720432,receptor-like protein kinase%2C transcript variant X2,NC_052398.1,1599887,1605572,+,Protein_Kinases
LOC103720434,diacylglycerol kinase 7-like%2C transcript variant X1,NC_052398.1,1607092,1627552,-,Protein_Kinases
LOC103710483,serine/threonine-protein kinase 4-like%2C transcript variant X1,NC_052398.1,1876821,1894203,+,Protein_Kinases
LOC103710481,putative leucine-rich repeat receptor-like serine/threonine-protein kinase At2g24130,NC_052398.1,2032543,2036672,+,Protein_Kinases
LOC103702406,protein NSP-INTERACTING KINASE 1-like,NC_052398.1,2958249,2963688,+,Protein_Kinases
LOC103702405,probable serine/threonine-protein kinase DDB_G0291350%2C transcript variant X4,NC_052398.1,2966384,2979243,+,Protein_Kinases
LOC103702392,protein ACTIVITY OF BC1 COMPLEX KINASE 7%2C chloroplastic,NC_052398.1,3152725,3179896,+,Protein_Kinases
LOC103702383,serine/threonine-protein kinase D6PK,NC_052398.1,3289195,3295919,-,Protein_Kinases
LOC103702338,brassinosteroid LRR receptor kinase BRL1-like%2C transcript variant X2,NC_052398.1,3784594,3789069,-,Protein_Kinases
LOC103702310,zinc finger A20 and AN1 domain-containing stress-associated protein 8-like,NC_052398.1,4147219,4149356,+,Transcription_Factors
LOC103702294,G-type lectin S-receptor-like serine/threonine-protein kinase LECRK3,NC_052398.1,4358797,4362266,-,Protein_Kinases
LOC103702420,wall-associated receptor kinase 2-like,NC_052398.1,4683372,4686648,+,Protein_Kinases
LOC103702419,pollen receptor-like kinase 4,NC_052398.1,4736731,4741104,+,Protein_Kinases
LOC103707048,serine/threonine-protein kinase STY13-like%2C transcript variant X1,NC_052398.1,5098154,5110548,-,Protein_Kinases
LOC103707050,probable serine/threonine-protein kinase PBL17,NC_052398.1,5124561,5132485,+,Protein_Kinases
LOC103707093,FGGY carbohydrate kinase domain-containing protein%2C transcript variant X1,NC_052398.1,5830889,5841758,+,Protein_Kinases
LOC103707099,CBL-interacting serine/threonine-protein kinase 21%2C transcript variant X5,NC_052398.1,5897268,5902135,-,Protein_Kinases
LOC103707100,mitogen-activated protein kinase kinase 5-like%2C transcript variant X1,NC_052398.1,5918543,5920141,-,Protein_Kinases
LOC103707134,probable receptor-like serine/threonine-protein kinase At5g57670,NC_052398.1,5988380,5993105,-,Protein_Kinases
LOC103707135,probable histidine kinase 1%2C transcript variant X5,NC_052398.1,6032398,6048671,-,Protein_Kinases
LOC103710072,nodulation receptor kinase-like,NC_052398.1,6273849,6281575,+,Protein_Kinases
LOC103700839,protein RICE SALT SENSITIVE 3,NC_052398.1,6494193,6496369,-,Other_Signaling_Metabolism
LOC120111327,mitogen-activated protein kinase kinase kinase NPK1-like,NC_052398.1,6834252,6841821,-,Protein_Kinases
LOC103706453,probable adenylate kinase 5%2C chloroplastic,NC_052398.1,7418200,7433523,-,Protein_Kinases
LOC103706483,calmodulin-binding receptor-like cytoplasmic kinase 3,NC_052398.1,7850321,7857562,-,Protein_Kinases
LOC103714255,probable LRR receptor-like serine/threonine-protein kinase At4g37250%2C transcript variant X2,NC_052398.1,8404202,8406894,+,Protein_Kinases
LOC120111341,serine/threonine-protein kinase UCN-like,NC_052398.1,8624574,8626391,-,Protein_Kinases
LOC103711373,zinc finger A20 and AN1 domain-containing stress-associated protein 11-like,NC_052398.1,8642277,8643069,-,Transcription_Factors
LOC103711371,zinc finger A20 and AN1 domain-containing stress-associated protein 8-like%2C transcript variant X3,NC_052398.1,8660201,8669157,+,Transcription_Factors
LOC103707762,fructokinase-1-like%2C transcript variant X1,NC_052398.1,9839047,9841382,-,Protein_Kinases
LOC103707784,PTI1-like tyrosine-protein kinase 3%2C transcript variant X2,NC_052398.1,10200392,10209465,-,Protein_Kinases
LOC103707793,probable LRR receptor-like serine/threonine-protein kinase At2g24230,NC_052398.1,10467004,10470157,+,Protein_Kinases
LOC120111352,phosphatidylinositol 4-kinase gamma 7-like%2C transcript variant X2,NC_052398.1,11174761,11179045,+,Protein_Kinases
LOC103718726,receptor-like kinase LIP2%2C transcript variant X3,NC_052398.1,11785374,11789682,-,Protein_Kinases
LOC120111363,adenylate kinase%2C chloroplastic-like%2C transcript variant X1,NC_052398.1,12361318,12368192,-,Protein_Kinases
LOC103697084,fructokinase-2-like,NC_052398.1,12911259,12916675,+,Protein_Kinases
LOC103723665,serine/threonine-protein kinase rio2,NC_052398.1,13172368,13184585,-,Protein_Kinases
LOC103712527,nucleoside diphosphate kinase 2%2C chloroplastic-like,NC_052398.1,13539886,13544521,-,Protein_Kinases
LOC103715198,uncharacterized aarF domain-containing protein kinase 2%2C transcript variant X2,NC_052398.1,13860418,13869441,+,Protein_Kinases
LOC103710575,uridine kinase-like protein 1%2C chloroplastic,NC_052398.1,14980748,15002590,+,Protein_Kinases
LOC103707871,SNF1-related protein kinase regulatory subunit gamma-1-like,NC_052398.1,15088081,15096707,-,Protein_Kinases
LOC103698609,serine/threonine-protein kinase CDG1-like%2C transcript variant X2,NC_052398.1,15237321,15252689,+,Protein_Kinases
LOC103707814,aspartokinase 2%2C chloroplastic-like,NC_052398.1,15670294,15680864,-,Protein_Kinases
LOC103707851,probable histidine kinase 3%2C transcript variant X2,NC_052398.1,16382340,16388569,+,Protein_Kinases
LOC103711028,ATP-dependent 6-phosphofructokinase 5%2C chloroplastic%2C transcript variant X2,NC_052399.1,660621,691103,+,Protein_Kinases
LOC103710986,CDPK-related kinase 5-like,NC_052399.1,896666,908850,+,Protein_Kinases
LOC103718288,cyclin-dependent kinase inhibitor 1-like,NC_052399.1,1209556,1210441,+,Protein_Kinases
LOC103712918,pyridoxal kinase%2C transcript variant X1,NC_052399.1,2150540,2172117,+,Protein_Kinases
LOC103696013,mitogen-activated protein kinase kinase 9-like,NC_052399.1,2995440,2996821,+,Protein_Kinases
LOC103695996,heat stress transcription factor A-1-like%2C transcript variant X1,NC_052399.1,3002623,3014949,-,Stress_Osmoprotectants
LOC103717443,probable sodium/metabolite cotransporter BASS2%2C chloroplastic,NC_052399.1,3743626,3750385,-,Ion_Transporters
LOC103708801,serine-threonine kinase receptor-associated protein-like,NC_052399.1,4008462,4018189,-,Protein_Kinases
LOC103708779,protein kinase PINOID 2-like,NC_052399.1,4331775,4333612,+,Protein_Kinases
LOC120111528,MAPK kinase substrate protein At1g80180-like,NC_052399.1,4432750,4433275,+,Protein_Kinases
LOC103708740,CBL-interacting protein kinase 24-like,NC_052399.1,4793218,4827832,-,Protein_Kinases
LOC103712890,universal stress protein A-like protein%2C transcript variant X3,NC_052399.1,5173578,5181339,-,Stress_Osmoprotectants
LOC103723274,probable leucine-rich repeat receptor-like protein kinase At1g68400,NC_052399.1,5534502,5537129,+,Protein_Kinases
LOC103720965,LEAF RUST 10 DISEASE-RESISTANCE LOCUS RECEPTOR-LIKE PROTEIN KINASE-like 1.2%2C transcript variant X2,NC_052399.1,5778781,5793098,-,Protein_Kinases
LOC103720968,LEAF RUST 10 DISEASE-RESISTANCE LOCUS RECEPTOR-LIKE PROTEIN KINASE-like 1.2,NC_052399.1,5809519,5810513,+,Protein_Kinases
LOC120111475,LEAF RUST 10 DISEASE-RESISTANCE LOCUS RECEPTOR-LIKE PROTEIN KINASE-like 2.1,NC_052399.1,5813763,5815149,+,Protein_Kinases
LOC103720969,LEAF RUST 10 DISEASE-RESISTANCE LOCUS RECEPTOR-LIKE PROTEIN KINASE-like 2.1,NC_052399.1,5815905,5824722,+,Protein_Kinases
LOC103720970,LEAF RUST 10 DISEASE-RESISTANCE LOCUS RECEPTOR-LIKE PROTEIN KINASE-like 2.1%2C transcript variant X1,NC_052399.1,5835693,5843039,+,Protein_Kinases
LOC120111548,PR5-like receptor kinase,NC_052399.1,5855221,5856546,+,Protein_Kinases
LOC103720961,receptor protein kinase-like protein ZAR1,NC_052399.1,5944308,5947514,+,Protein_Kinases
LOC103721400,probable serine/threonine-protein kinase PBL21,NC_052399.1,6243955,6250406,+,Protein_Kinases
LOC103715256,phosphatidylinositol 4-phosphate 5-kinase 2-like,NC_052399.1,6518443,6523852,+,Protein_Kinases
LOC103715254,serine/threonine-protein kinase MPS1-like,NC_052399.1,6573088,6582093,-,Protein_Kinases
LOC103715246,mitogen-activated protein kinase kinase kinase 1-like,NC_052399.1,6670059,6680285,+,Protein_Kinases
LOC113463310,cell wall integrity and stress response component 1,NC_052399.1,6794706,6795730,+,Stress_Osmoprotectants
LOC103716020,phosphatidylinositol 4-phosphate 5-kinase 1%2C transcript variant X4,NC_052399.1,6826187,6847569,-,Protein_Kinases
LOC103716034,protein kinase PINOID-like,NC_052399.1,7005902,7009235,-,Protein_Kinases
LOC103701533,ATP-dependent 6-phosphofructokinase 5%2C chloroplastic-like%2C transcript variant X2,NC_052399.1,7745816,7758548,-,Protein_Kinases
LOC103701588,protein PHYTOCHROME KINASE SUBSTRATE 2,NC_052399.1,7812990,7815571,-,Protein_Kinases
LOC103722695,probable serine/threonine-protein kinase PBL3%2C transcript variant X2,NC_052399.1,8440229,8447363,+,Protein_Kinases
LOC103721727,shikimate kinase 2%2C chloroplastic-like%2C transcript variant X1,NC_052399.1,8636577,8641512,+,Protein_Kinases
LOC103722440,probable inactive receptor kinase At5g10020,NC_052399.1,8922699,8936197,-,Protein_Kinases
SERK2,LRR receptor kinase BAK1,NC_052399.1,8965568,8980077,-,Protein_Kinases
LOC103711263,serine/threonine-protein kinase pakG-like,NC_052399.1,9784917,9786101,+,Protein_Kinases
LOC103701542,LRR receptor kinase SERK2-like%2C transcript variant X6,NC_052399.1,10076761,10100843,-,Protein_Kinases
LOC103724134,heat stress transcription factor A-2c-like%2C transcript variant X2,NC_052399.1,10726375,10730207,+,Stress_Osmoprotectants
LOC103695827,probable serine/threonine-protein kinase WNK11,NC_052399.1,12396046,12396477,+,Protein_Kinases
LOC103695856,probable inactive receptor kinase At1g48480,NC_052399.1,13609702,13613180,-,Protein_Kinases
LOC113461139,proline-rich receptor-like protein kinase PERK10,NC_052399.1,13678222,13679816,+,Protein_Kinases
LOC103697633,G-type lectin S-receptor-like serine/threonine-protein kinase At2g19130,NC_052399.1,13797094,13799760,+,Protein_Kinases
LOC103695711,G-type lectin S-receptor-like serine/threonine-protein kinase At2g19130,NC_052399.1,13839909,13842629,+,Protein_Kinases
LOC103699801,G-type lectin S-receptor-like serine/threonine-protein kinase At2g19130,NC_052399.1,13846791,13847480,-,Protein_Kinases
LOC103695655,probable serine/threonine protein kinase IREH1,NC_052399.1,13912755,13937488,+,Protein_Kinases
LOC103695574,phosphatidylinositol 4-kinase alpha 1%2C transcript variant X1,NC_052399.1,13998923,14040177,+,Protein_Kinases
LOC103695498,serine/threonine-protein kinase prpf4B-like%2C transcript variant X6,NC_052399.1,14162215,14169051,+,Protein_Kinases
LOC103704410,MDIS1-interacting receptor like kinase 1-like,NC_052399.1,14525521,14528009,+,Protein_Kinases
LOC103703416,mitogen-activated protein kinase kinase kinase 18-like,NC_052399.1,14775095,14777165,-,Protein_Kinases
LOC103703335,receptor-like serine/threonine-protein kinase At1g78530%2C transcript variant X4,NC_052399.1,14838150,14843953,+,Protein_Kinases
LOC103703359,mitogen-activated protein kinase 10-like%2C transcript variant X1,NC_052399.1,15147191,15164246,+,Protein_Kinases
LOC103702468,receptor-like protein kinase HSL1,NC_052399.1,15743463,15747972,-,Protein_Kinases
LOC103702517,phosphatidylinositol 4-kinase gamma 4-like%2C transcript variant X1,NC_052399.1,16376238,16381082,+,Protein_Kinases
LOC103702589,serine/threonine-protein kinase RHS3-like,NC_052399.1,16507771,16513257,+,Protein_Kinases
LOC103702537,protein phosphatase 2C and cyclic nucleotide-binding/kinase domain-containing protein%2C transcript variant X2,NC_052399.1,16697589,16710700,-,Protein_Kinases
LOC103702542,casein kinase 1-like protein 4%2C transcript variant X2,NC_052399.1,16774357,16784428,-,Protein_Kinases
LOC103702556,cyclin-dependent kinase F-1-like,NC_052399.1,16979655,16983790,+,Protein_Kinases
LOC103710931,proline-rich receptor-like protein kinase PERK1,NC_052399.1,17346008,17353368,-,Protein_Kinases
LOC103718549,probable membrane-associated kinase regulator 2,NC_052399.1,17762808,17765140,-,Protein_Kinases
LOC103710869,phosphatidylinositol 4-phosphate 5-kinase 10-like%2C transcript variant X2,NC_052399.1,18011145,18019269,+,Protein_Kinases
LOC103710860,probable inactive receptor kinase At4g23740%2C transcript variant X2,NC_052399.1,18160323,18166959,+,Protein_Kinases
LOC103703034,serine/threonine-protein kinase pkn2-like,NC_052399.1,18308709,18312152,+,Protein_Kinases
LOC103702963,plastidial pyruvate kinase 4%2C chloroplastic-like%2C transcript variant X1,NC_052399.1,18711817,18716662,-,Protein_Kinases
LOC103703017,sodium/calcium exchanger NCL1,NC_052399.1,19422086,19430611,-,Ion_Transporters
LOC103723061,mitogen-activated protein kinase 1,NC_052399.1,19853549,19862451,+,Protein_Kinases
LOC103723063,serine/threonine-protein kinase EDR1-like%2C transcript variant X2,NC_052399.1,20024099,20048662,-,Protein_Kinases
LOC103707330,calmodulin-binding receptor kinase CaMRLK-like,NC_052399.1,20119831,20122245,+,Protein_Kinases
LOC103707356,shaggy-related protein kinase eta-like,NC_052399.1,20330084,20342194,-,Protein_Kinases
LOC120111735,integrin-linked protein kinase 1-like,NC_052399.1,20539875,20546686,+,Protein_Kinases
LOC103711026,heat stress transcription factor C-2b-like,NC_052399.1,20647313,20648738,-,Stress_Osmoprotectants
LOC103708548,mitogen-activated protein kinase kinase kinase 11-like,NC_052399.1,20744410,20749078,+,Protein_Kinases
LOC103708533,probable serine/threonine-protein kinase At1g54610,NC_052399.1,20752194,20770828,-,Protein_Kinases
LOC103709791,probable serine/threonine-protein kinase PBL17,NC_052399.1,20984307,20990645,-,Protein_Kinases
LOC103709756,probable choline kinase 2%2C transcript variant X2,NC_052399.1,21125405,21131933,+,Protein_Kinases
LOC103709763,probable LRR receptor-like serine/threonine-protein kinase At1g34110,NC_052399.1,21192382,21196812,+,Protein_Kinases
LOC103709770,probable LRR receptor-like serine/threonine-protein kinase At1g14390,NC_052399.1,21273019,21278478,-,Protein_Kinases
LOC103709777,probable serine/threonine-protein kinase PIX7,NC_052399.1,21398585,21417281,+,Protein_Kinases
LOC103709798,probable LRR receptor-like serine/threonine-protein kinase At3g47570,NC_052399.1,21474329,21479085,+,Protein_Kinases
LOC103721338,receptor kinase-like protein Xa21,NC_052399.1,21559732,21563251,-,Protein_Kinases
LOC103721337,receptor kinase-like protein Xa21,NC_052399.1,21582960,21588326,-,Protein_Kinases
LOC103721334,receptor kinase-like protein Xa21,NC_052399.1,21749141,21752493,+,Protein_Kinases
LOC103721324,probable LRR receptor-like serine/threonine-protein kinase At3g47570,NC_052399.1,21754167,21758856,+,Protein_Kinases
LOC108511808,receptor kinase-like protein Xa21,NC_052399.1,21759628,21765062,+,Protein_Kinases
LOC103696350,receptor kinase-like protein Xa21,NC_052399.1,21782738,21786781,-,Protein_Kinases
LOC103720804,polynucleotide 5'-hydroxyl-kinase NOL9%2C transcript variant X3,NC_052399.1,21884156,21904961,+,Protein_Kinases
LOC103720812,mitogen-activated protein kinase kinase 2-like%2C transcript variant X4,NC_052399.1,22040672,22059813,-,Protein_Kinases
LOC103718664,serine/threonine-protein kinase 38-like,NC_052399.1,22092177,22109349,-,Protein_Kinases
LOC103702029,receptor-like serine/threonine-protein kinase ALE2%2C transcript variant X1,NC_052399.1,22764848,22773633,+,Protein_Kinases
LOC103722811,inactive protein kinase SELMODRAFT_444075-like%2C transcript variant X2,NC_052399.1,23281041,23294454,+,Protein_Kinases
LOC103713454,K(+) efflux antiporter 6-like%2C transcript variant X1,NC_052399.1,23343264,23349717,-,Ion_Transporters
LOC103713447,serine/threonine-protein kinase Aurora-1-like%2C transcript variant X2,NC_052399.1,23430791,23434508,+,Protein_Kinases
LOC103706762,hexokinase-2-like,NC_052399.1,23784892,23794258,+,Protein_Kinases
LOC103706753,receptor-like protein kinase HSL1,NC_052399.1,23794480,23798406,-,Protein_Kinases
LOC103708420,casein kinase 1-like protein HD16%2C transcript variant X2,NC_052399.1,24128711,24137712,-,Protein_Kinases
LOC103710977,mitogen-activated protein kinase kinase kinase 1,NC_052399.1,24250641,24251589,-,Protein_Kinases
LOC103715345,putative 1-phosphatidylinositol-3-phosphate 5-kinase FAB1C%2C transcript variant X2,NC_052399.1,24695489,24707571,-,Protein_Kinases
LOC120111653,probable histidine kinase 4%2C transcript variant X3,NC_052399.1,25900982,25918389,-,Protein_Kinases
LOC120111654,receptor protein kinase TMK1-like,NC_052399.1,25925978,25930197,+,Protein_Kinases
LOC103723357,probable inactive receptor kinase At1g48480,NC_052399.1,26478126,26481398,-,Protein_Kinases
LOC103723354,receptor protein kinase TMK1-like,NC_052399.1,26498870,26505941,-,Protein_Kinases
LOC103708617,universal stress protein PHOS32,NC_052399.1,27420252,27422066,-,Stress_Osmoprotectants
LOC103704884,serine/threonine-protein kinase TNNI3K-like,NC_052399.1,27920316,27923615,-,Protein_Kinases
LOC120111673,serine/threonine-protein kinase TNNI3K-like,NC_052399.1,27942679,27947927,-,Protein_Kinases
LOC103712560,probable serine/threonine-protein kinase PBL16,NC_052399.1,28278868,28285973,+,Protein_Kinases
LOC103712574,1-phosphatidylinositol-3-phosphate 5-kinase FAB1A-like%2C transcript variant X1,NC_052399.1,28527170,28540947,+,Protein_Kinases
LOC103716955,probable ethanolamine kinase,NC_052399.1,28967725,28979385,+,Protein_Kinases
LOC103709369,pollen receptor-like kinase 3%2C transcript variant X2,NC_052399.1,29114736,29117059,+,Protein_Kinases
LOC103709335,probable nucleoside diphosphate kinase 5%2C transcript variant X1,NC_052399.1,29187633,29194267,-,Protein_Kinases
LOC103698377,serine/threonine-protein kinase RIPK-like,NC_052399.1,29540100,29543016,-,Protein_Kinases
LOC103704923,probable GTP diphosphokinase RSH2%2C chloroplastic,NC_052399.1,29641363,29645809,+,Protein_Kinases
LOC103704920,UMP-CMP kinase 4-like%2C transcript variant X2,NC_052399.1,29679449,29687316,+,Protein_Kinases
LOC103704912,LRR receptor-like serine/threonine-protein kinase ER1%2C transcript variant X2,NC_052399.1,29864692,29874204,-,Protein_Kinases
LOC103704907,MOB kinase activator-like 1A,NC_052399.1,29952349,29961026,-,Protein_Kinases
LOC103707239,serine/threonine-protein kinase TOUSLED,NC_052399.1,30437615,30467732,-,Protein_Kinases
LOC103707750,inositol 3-kinase,NC_052399.1,30942672,30948195,-,Protein_Kinases
LOC103706906,serine/threonine-protein kinase SRPK-like,NC_052399.1,31401976,31414619,+,Protein_Kinases
LOC103721265,LRR receptor-like serine/threonine-protein kinase,NC_052400.1,170855,174909,+,Protein_Kinases
LOC103698925,ATP-dependent 6-phosphofructokinase 2-like,NC_052400.1,257596,262870,+,Protein_Kinases
LOC103719634,probable LRR receptor-like serine/threonine-protein kinase At2g23950,NC_052400.1,1442118,1445510,+,Protein_Kinases
LOC103713136,pollen receptor-like kinase 1,NC_052400.1,2051683,2056041,+,Protein_Kinases
LOC103713125,L-arabinokinase-like,NC_052400.1,2216262,2238223,-,Protein_Kinases
LOC103713118,cation transporter HKT1-like,NC_052400.1,2349138,2352652,+,Ion_Transporters
LOC120111971,putative sodium-coupled neutral amino acid transporter 10,NC_052400.1,3300859,3302436,+,Ion_Transporters
LOC103697871,serine/threonine-protein kinase D6PKL1-like,NC_052400.1,4532782,4545285,+,Protein_Kinases
LOC103696956,pyruvate kinase 1%2C cytosolic-like%2C transcript variant X2,NC_052400.1,4732294,4766384,-,Protein_Kinases
LOC103722874,probable adenylate kinase 7%2C mitochondrial,NC_052400.1,5096400,5109006,+,Protein_Kinases
LOC103715318,probable serine/threonine-protein kinase At1g54610,NC_052400.1,5663795,5669345,+,Protein_Kinases
LOC103717470,serine/threonine-protein kinase PBS1-like,NC_052400.1,6149195,6158281,-,Protein_Kinases
LOC103717463,uridine kinase-like protein 4%2C transcript variant X7,NC_052400.1,6335678,6378960,+,Protein_Kinases
LOC108511901,inactive leucine-rich repeat receptor-like protein kinase CORYNE,NC_052400.1,7429282,7432326,+,Protein_Kinases
LOC103696968,aspartokinase 2%2C chloroplastic-like,NC_052400.1,7585180,7599245,-,Protein_Kinases
LOC120112043,stress response protein NST1-like%2C transcript variant X1,NC_052400.1,8249217,8250038,+,Stress_Osmoprotectants
LOC103721880,serine/threonine-protein kinase CDG1-like%2C transcript variant X1,NC_052400.1,8438797,8461768,-,Protein_Kinases
LOC103698741,chitin elicitor receptor kinase 1-like%2C transcript variant X2,NC_052400.1,8513518,8570454,-,Protein_Kinases
LOC103709386,leucine-rich repeat receptor protein kinase MSP1,NC_052400.1,9517636,9523265,-,Protein_Kinases
LOC103709401,cyclin-dependent kinase F-3%2C transcript variant X4,NC_052400.1,9768394,9783568,-,Protein_Kinases
LOC103705698,MAP3K epsilon protein kinase 1-like%2C transcript variant X1,NC_052400.1,10294817,10329890,-,Protein_Kinases
LOC120111886,probable serine/threonine-protein kinase PBL3,NC_052400.1,11128543,11137456,+,Protein_Kinases
LOC103700712,LRR receptor kinase BAK1-like%2C transcript variant X1,NC_052400.1,11192742,11206895,+,Protein_Kinases
LOC103700901,probable inactive receptor kinase At5g10020%2C transcript variant X2,NC_052400.1,11212722,11226853,+,Protein_Kinases
LOC120111888,proline-rich receptor-like protein kinase PERK9,NC_052400.1,11666919,11668331,-,Protein_Kinases
LOC103701777,serine/threonine-protein kinase SAPK2-like%2C transcript variant X1,NC_052400.1,11954703,11959818,-,Protein_Kinases
LOC103701808,cyclin-dependent kinase inhibitor 1-like%2C transcript variant X1,NC_052400.1,12417376,12419353,+,Protein_Kinases
LOC103701899,probable LRR receptor-like serine/threonine-protein kinase At1g67720,NC_052400.1,12453980,12457840,-,Protein_Kinases
LOC113462388,mitogen-activated protein kinase kinase kinase 1-like%2C transcript variant X2,NC_052400.1,13172010,13182695,-,Protein_Kinases
LOC103701911,serine/threonine-protein kinase MPS1-like%2C transcript variant X1,NC_052400.1,13281995,13289996,+,Protein_Kinases
LOC103701845,phosphatidylinositol 4-phosphate 5-kinase 2-like,NC_052400.1,13331225,13336680,-,Protein_Kinases
LOC103701857,probable serine/threonine-protein kinase PBL23,NC_052400.1,13564939,13572022,-,Protein_Kinases
LOC103701916,putative cysteine-rich receptor-like protein kinase 23,NC_052400.1,13649024,13650731,-,Protein_Kinases
LOC120112000,PR5-like receptor kinase,NC_052400.1,13807073,13808632,+,Protein_Kinases
LOC103704548,LEAF RUST 10 DISEASE-RESISTANCE LOCUS RECEPTOR-LIKE PROTEIN KINASE-like 2.4,NC_052400.1,13814699,13819154,+,Protein_Kinases
LOC103701920,LEAF RUST 10 DISEASE-RESISTANCE LOCUS RECEPTOR-LIKE PROTEIN KINASE-like 1.1%2C transcript variant X2,NC_052400.1,13833429,13857363,+,Protein_Kinases
LOC103701921,PR5-like receptor kinase,NC_052400.1,13846122,13848271,+,Protein_Kinases
LOC103718828,probable leucine-rich repeat receptor-like protein kinase At1g68400,NC_052400.1,13932202,13934968,-,Protein_Kinases
LOC103723596,rust resistance kinase Lr10-like%2C transcript variant X1,NC_052400.1,14016210,14020324,+,Protein_Kinases
LOC103719561,putative receptor-like protein kinase At4g00960,NC_052400.1,14109288,14117024,+,Protein_Kinases
LOC103722865,G-type lectin S-receptor-like serine/threonine-protein kinase At1g34300,NC_052400.1,14866366,14869308,+,Protein_Kinases
LOC103723318,heat stress transcription factor A-1-like%2C transcript variant X1,NC_052400.1,14902013,14913420,-,Stress_Osmoprotectants
LOC103701099,probable inactive receptor kinase At1g48480,NC_052400.1,15070995,15074235,-,Protein_Kinases
LOC103716283,probable serine/threonine protein kinase IREH1%2C transcript variant X3,NC_052400.1,15175868,15190000,+,Protein_Kinases
LOC103700973,serine/threonine-protein kinase prpf4B%2C transcript variant X19,NC_052400.1,15471231,15478681,+,Protein_Kinases
LOC103701811,mitogen-activated protein kinase kinase kinase 18-like,NC_052400.1,15857405,15859390,-,Protein_Kinases
LOC108511554,receptor-like serine/threonine-protein kinase At1g78530,NC_052400.1,15921296,15925201,+,Protein_Kinases
LOC103701786,CBL-interacting serine/threonine-protein kinase 6-like,NC_052400.1,15983028,15991811,-,Protein_Kinases
LOC103696841,receptor-like protein kinase HSL1,NC_052400.1,16337436,16341657,-,Protein_Kinases
LOC103716984,casein kinase 1-like protein 4%2C transcript variant X10,NC_052400.1,16917421,16930898,-,Protein_Kinases
LOC103715593,cyclin-dependent kinase F-1-like,NC_052400.1,17081629,17085263,+,Protein_Kinases
LOC103701436,proline-rich receptor-like protein kinase PERK1,NC_052400.1,17306326,17312923,-,Protein_Kinases
LOC103711672,probable membrane-associated kinase regulator 2%2C transcript variant X2,NC_052400.1,17574440,17576648,-,Protein_Kinases
LOC103709674,probable inactive receptor kinase At4g23740%2C transcript variant X1,NC_052400.1,17758786,17762888,+,Protein_Kinases
LOC103706194,plastidial pyruvate kinase 4%2C chloroplastic%2C transcript variant X1,NC_052400.1,18172639,18181366,-,Protein_Kinases
LOC103700827,mitogen-activated protein kinase 1-like%2C transcript variant X2,NC_052400.1,18924168,18935338,+,Protein_Kinases
LOC103715405,CBL-interacting protein kinase 5,NC_052400.1,19124641,19126676,+,Protein_Kinases
LOC103701183,calmodulin-binding receptor kinase CaMRLK,NC_052400.1,19148155,19150975,+,Protein_Kinases
LOC103709954,shaggy-related protein kinase eta,NC_052400.1,19209284,19221247,+,Protein_Kinases
LOC103708598,probable LRR receptor-like serine/threonine-protein kinase At5g45780%2C transcript variant X1,NC_052400.1,19221677,19230455,+,Protein_Kinases
LOC103705662,G-type lectin S-receptor-like serine/threonine-protein kinase SD2-5,NC_052400.1,19343081,19345593,-,Protein_Kinases
LOC103710255,heat stress transcription factor C-2b-like,NC_052400.1,19570445,19571806,-,Stress_Osmoprotectants
LOC103710248,serine/threonine/tyrosine-protein kinase HT1-like%2C transcript variant X2,NC_052400.1,19674688,19679021,+,Protein_Kinases
LOC103710246,probable serine/threonine-protein kinase At1g54610%2C transcript variant X2,NC_052400.1,19683475,19697810,-,Protein_Kinases
LOC103710286,mitogen-activated protein kinase kinase kinase 1,NC_052400.1,19771632,19772438,+,Protein_Kinases
LOC103710284,probably inactive leucine-rich repeat receptor-like protein kinase At2g25790,NC_052400.1,19796363,19800003,-,Protein_Kinases
LOC103710237,casein kinase 1-like protein HD16%2C transcript variant X1,NC_052400.1,19864784,19877332,+,Protein_Kinases
LOC103710231,receptor-like protein kinase 5,NC_052400.1,19995344,19999382,+,Protein_Kinases
LOC103710219,ATP-dependent 6-phosphofructokinase 3-like%2C transcript variant X1,NC_052400.1,20129347,20136645,+,Protein_Kinases
LOC103710217,senescence-induced receptor-like serine/threonine-protein kinase%2C transcript variant X1,NC_052400.1,20145070,20153978,+,Protein_Kinases
LOC103710274,K(+) efflux antiporter 6-like%2C transcript variant X9,NC_052400.1,20211503,20242558,+,Ion_Transporters
LOC103709559,casein kinase 1-like protein 2%2C transcript variant X3,NC_052400.1,20469007,20486551,+,Protein_Kinases
LOC103709593,probable serine/threonine-protein kinase SIS8%2C transcript variant X1,NC_052400.1,20930347,20952268,-,Protein_Kinases
LOC103709599,serine/threonine-protein kinase 38-like%2C transcript variant X1,NC_052400.1,21053649,21079731,+,Protein_Kinases
LOC103705045,SNF1-related protein kinase regulatory subunit gamma-1-like%2C transcript variant X2,NC_052400.1,21256391,21263069,-,Protein_Kinases
LOC103704885,probable LRR receptor-like serine/threonine-protein kinase At1g34110,NC_052400.1,21455994,21461047,-,Protein_Kinases
LOC103704865,probable choline kinase 2,NC_052400.1,21475622,21481377,-,Protein_Kinases
LOC103704826,brassinosteroid LRR receptor kinase BRI1,NC_052400.1,21580334,21584056,-,Protein_Kinases
LOC103704772,TSL-kinase interacting protein 1%2C transcript variant X3,NC_052400.1,21607947,21617374,+,Protein_Kinases
LOC103704541,nuclear ubiquitous casein and cyclin-dependent kinase substrate 1-like%2C transcript variant X2,NC_052400.1,21811134,21822492,-,Protein_Kinases
LOC103704057,serine-threonine kinase receptor-associated protein%2C transcript variant X3,NC_052400.1,22134801,22143313,-,Protein_Kinases
LOC103705442,probable receptor-like protein kinase At5g20050,NC_052400.1,22296795,22298656,+,Protein_Kinases
LOC103703840,protein kinase PINOID 2-like,NC_052400.1,22332584,22334715,+,Protein_Kinases
LOC103718533,CBL-interacting serine/threonine-protein kinase 8-like%2C transcript variant X1,NC_052400.1,22641791,22649224,-,Protein_Kinases
LOC120111958,G-type lectin S-receptor-like serine/threonine-protein kinase SD2-5%2C transcript variant X1,NC_052400.1,22662259,22671260,-,Protein_Kinases
LOC103723838,leucine-rich repeat receptor-like protein kinase PXC1,NC_052401.1,176089,182974,-,Protein_Kinases
LOC103695539,heat stress transcription factor A-3-like%2C transcript variant X2,NC_052401.1,620499,626322,-,Stress_Osmoprotectants
LOC120112214,serine/threonine-protein kinase CTR1-like,NC_052401.1,628586,630947,-,Protein_Kinases
LOC103703209,serine/threonine-protein kinase SAPK7-like,NC_052401.1,915395,918160,-,Protein_Kinases
LOC103703190,probable serine/threonine-protein kinase At1g01540,NC_052401.1,1086416,1090279,-,Protein_Kinases
LOC103703254,putative serine/threonine-protein kinase,NC_052401.1,1105691,1107560,-,Protein_Kinases
LOC103703181,abscisic stress-ripening protein 5-like%2C transcript variant X1,NC_052401.1,1216647,1218688,+,Stress_Osmoprotectants
LOC103703159,probable serine/threonine-protein kinase WNK6%2C transcript variant X2,NC_052401.1,1494067,1497964,+,Protein_Kinases
LOC103703154,uridylate kinase,NC_052401.1,1540786,1549005,+,Protein_Kinases
LOC103703077,zinc finger A20 and AN1 domain-containing stress-associated protein 5,NC_052401.1,2163209,2163974,+,Transcription_Factors
LOC103703081,probable sodium/metabolite cotransporter BASS4%2C chloroplastic%2C transcript variant X2,NC_052401.1,2192631,2213413,+,Ion_Transporters
LOC103703067,serine/threonine-protein kinase D6PK,NC_052401.1,2521046,2527044,+,Protein_Kinases
LOC103711039,mitogen-activated protein kinase kinase kinase 3-like,NC_052401.1,3308743,3317622,-,Protein_Kinases
LOC103711044,phosphatidylinositol 4-kinase beta 1%2C transcript variant X2,NC_052401.1,3364770,3388844,-,Protein_Kinases
LOC113462997,serine/threonine-protein kinase-like protein CCR4,NC_052401.1,3587442,3595928,-,Protein_Kinases
LOC103711101,receptor protein-tyrosine kinase CEPR2-like%2C transcript variant X2,NC_052401.1,3596399,3604932,-,Protein_Kinases
LOC103711058,leucine-rich repeat receptor-like serine/threonine-protein kinase BAM1,NC_052401.1,3630214,3635360,+,Protein_Kinases
LOC103711089,probable serine/threonine-protein kinase At1g54610,NC_052401.1,4029517,4037011,+,Protein_Kinases
LOC120112227,inositol polyphosphate multikinase beta-like,NC_052401.1,4075064,4078129,-,Protein_Kinases
LOC103708606,putative fructokinase-8,NC_052401.1,4935482,4936321,-,Protein_Kinases
LOC120112256,fructokinase-2-like,NC_052401.1,4937182,4938176,-,Protein_Kinases
LOC103708605,eIF-2-alpha kinase GCN2%2C transcript variant X12,NC_052401.1,4964994,5039262,-,Protein_Kinases
LOC103708546,serine/threonine-protein kinase OXI1-like,NC_052401.1,5497232,5505497,-,Protein_Kinases
LOC103708544,zinc finger AN1 domain-containing stress-associated protein 15-like,NC_052401.1,5528013,5529430,-,Transcription_Factors
LOC103714762,cyclin-dependent kinase G-2%2C transcript variant X9,NC_052401.1,5907085,5915515,+,Protein_Kinases
LOC103714760,inactive LRR receptor-like serine/threonine-protein kinase BIR2,NC_052401.1,5947249,5949425,+,Protein_Kinases
LOC103704950,serine/threonine-protein kinase AFC2-like%2C transcript variant X2,NC_052401.1,6873653,6879221,+,Protein_Kinases
LOC103722826,probable serine/threonine-protein kinase WNK3,NC_052401.1,7019160,7042158,-,Protein_Kinases
LOC103722832,chloroplast sensor kinase%2C chloroplastic,NC_052401.1,7057041,7073097,+,Protein_Kinases
LOC103722821,PX domain-containing protein kinase-like protein,NC_052401.1,7119526,7120417,-,Protein_Kinases
LOC103723155,serine/threonine-protein kinase STY13-like,NC_052401.1,7360894,7375261,-,Protein_Kinases
LOC103722552,SNF1-related protein kinase regulatory subunit gamma-1-like,NC_052401.1,9061357,9080202,+,Protein_Kinases
LOC103703431,putative receptor-like protein kinase At4g00960%2C transcript variant X1,NC_052401.1,9589710,9596998,+,Protein_Kinases
LOC103697603,proline-rich receptor-like protein kinase PERK9,NC_052401.1,10118634,10119620,+,Protein_Kinases
LOC103695918,serine/threonine-protein kinase PBS1-like,NC_052401.1,13810754,13818061,+,Protein_Kinases
LOC103717176,heat stress transcription factor A-5-like,NC_052401.1,15236656,15238820,+,Stress_Osmoprotectants
LOC103723183,zinc finger A20 and AN1 domain-containing stress-associated protein 5-like,NC_052401.1,15521972,15523056,-,Transcription_Factors
LOC120112297,probable serine/threonine-protein kinase DDB_G0281745%2C transcript variant X1,NC_052402.1,61153,72208,-,Protein_Kinases
LOC120112577,fructokinase-2-like,NC_052402.1,204214,204652,+,Protein_Kinases
LOC103708951,integrin-linked protein kinase 1-like%2C transcript variant X2,NC_052402.1,246165,277208,-,Protein_Kinases
LOC103708952,probable NADH kinase,NC_052402.1,281576,286639,+,Protein_Kinases
LOC103708958,probable LRR receptor-like serine/threonine-protein kinase At1g53430,NC_052402.1,334750,344343,+,Protein_Kinases
LOC103708963,heat stress transcription factor A-4b-like%2C transcript variant X1,NC_052402.1,401883,409618,+,Stress_Osmoprotectants
LOC103721546,heat stress transcription factor C-1b-like%2C transcript variant X2,NC_052402.1,749574,751771,-,Stress_Osmoprotectants
LOC103709006,probable membrane-associated kinase regulator 2,NC_052402.1,944438,946083,-,Protein_Kinases
LOC103709017,calcium-dependent protein kinase 1,NC_052402.1,1087310,1095781,-,Protein_Kinases
LOC103708366,plastidial pyruvate kinase 2-like,NC_052402.1,1153803,1162068,+,Protein_Kinases
LOC103708349,mitogen-activated protein kinase kinase kinase 7,NC_052402.1,1324298,1328818,+,Protein_Kinases
LOC103719468,casein kinase 1-like protein 2%2C transcript variant X4,NC_052402.1,2437141,2447997,+,Protein_Kinases
LOC103720074,receptor-like serine/threonine-protein kinase ALE2%2C transcript variant X5,NC_052402.1,2563702,2575124,-,Protein_Kinases
LOC103720638,zinc finger A20 and AN1 domain-containing stress-associated protein 6-like%2C transcript variant X1,NC_052402.1,3213778,3218804,-,Transcription_Factors
LOC103720660,brassinosteroid LRR receptor kinase BRI1-like,NC_052402.1,3242582,3246254,-,Protein_Kinases
LOC103720700,serine/threonine-protein kinase AFC3%2C transcript variant X1,NC_052402.1,3275076,3285100,+,Protein_Kinases
LOC103720850,protein SODIUM POTASSIUM ROOT DEFECTIVE 2-like,NC_052402.1,3502209,3505107,+,Ion_Transporters
LOC103721644,probable inactive receptor kinase At2g26730,NC_052402.1,3764770,3769386,+,Protein_Kinases
LOC103721678,probable receptor-like protein kinase At5g20050,NC_052402.1,3952198,3955704,+,Protein_Kinases
LOC103705174,cyclin-dependent kinase B2-1,NC_052402.1,4243591,4246546,+,Protein_Kinases
LOC103713800,probable serine/threonine-protein kinase At1g54610%2C transcript variant X1,NC_052402.1,4879062,4901200,+,Protein_Kinases
LOC120112335,ribose-phosphate pyrophosphokinase 4-like,NC_052402.1,5474039,5482298,-,Protein_Kinases
LOC103711910,probable receptor-like protein kinase At4g39110,NC_052402.1,5599099,5602636,+,Protein_Kinases
LOC103706568,probable receptor-like protein kinase At1g80640%2C transcript variant X2,NC_052402.1,6127945,6131479,+,Protein_Kinases
LOC120112347,probable L-type lectin-domain containing receptor kinase S.5,NC_052402.1,6421387,6424947,-,Protein_Kinases
LOC120103905,probable L-type lectin-domain containing receptor kinase S.5,NC_052402.1,6431263,6436279,-,Protein_Kinases
LOC120112348,probable L-type lectin-domain containing receptor kinase S.5,NC_052402.1,6463643,6468525,-,Protein_Kinases
LOC103695880,lysosomal Pro-X carboxypeptidase%2C transcript variant X1,NC_052402.1,6611485,6619354,-,Other_Signaling_Metabolism
LOC103719829,serine/threonine-protein kinase AFC2%2C transcript variant X1,NC_052402.1,6844765,6850439,-,Protein_Kinases
LOC103714470,nucleoside diphosphate kinase 2%2C chloroplastic-like%2C transcript variant X2,NC_052402.1,7306747,7312463,-,Protein_Kinases
LOC103714502,integrin-linked protein kinase 1-like,NC_052402.1,7436693,7451989,-,Protein_Kinases
LOC103706833,receptor protein kinase TMK1-like,NC_052402.1,7880559,7886126,-,Protein_Kinases
LOC103706819,pantothenate kinase 1-like%2C transcript variant X2,NC_052402.1,8622795,8661280,-,Protein_Kinases
LOC103703287,probable GTP diphosphokinase RSH2%2C chloroplastic,NC_052402.1,9334383,9338497,-,Protein_Kinases
LOC113462065,serine/threonine-protein kinase RIPK-like,NC_052402.1,9346662,9349845,+,Protein_Kinases
LOC103703311,probable ethanolamine kinase,NC_052402.1,9733901,9743048,-,Protein_Kinases
LOC103703414,cation/H(+) antiporter 15-like,NC_052402.1,9958895,9961760,+,Ion_Transporters
LOC103707657,serine/threonine-protein kinase BLUS1-like%2C transcript variant X3,NC_052402.1,10335849,10358919,+,Protein_Kinases
LOC103715018,SNF1-related protein kinase regulatory subunit gamma-1-like,NC_052402.1,10705198,10712085,-,Protein_Kinases
LOC103714977,probable receptor-like protein kinase At2g42960,NC_052402.1,10842263,10847928,-,Protein_Kinases
LOC103713239,mitogen-activated protein kinase 10,NC_052402.1,11017708,11027136,+,Protein_Kinases
LOC103713250,serine/threonine-protein kinase-like protein CR4,NC_052402.1,11539700,11541059,-,Protein_Kinases
LOC103713197,putative cyclin-dependent serine/threonine-protein kinase DDB_G0272797/DDB_G0274007,NC_052402.1,11658268,11666775,-,Protein_Kinases
LOC103709470,CBL-interacting protein kinase 19-like%2C transcript variant X1,NC_052402.1,12006193,12009800,-,Protein_Kinases
LOC103709512,leucine-rich repeat receptor-like serine/threonine-protein kinase BAM3%2C transcript variant X3,NC_052402.1,12533423,12539516,-,Protein_Kinases
LOC103709514,serine/threonine-protein kinase RHS3-like%2C transcript variant X2,NC_052402.1,12539613,12544362,-,Protein_Kinases
LOC103709541,nucleoside diphosphate kinase 3-like%2C transcript variant X2,NC_052402.1,12568731,12584139,+,Protein_Kinases
LOC103711197,inactive protein kinase SELMODRAFT_444075%2C transcript variant X1,NC_052402.1,12910339,12919743,+,Protein_Kinases
LOC103711200,K(+) efflux antiporter 6-like%2C transcript variant X2,NC_052402.1,12955866,12964115,-,Ion_Transporters
LOC103711208,serine/threonine-protein kinase Aurora-1%2C transcript variant X2,NC_052402.1,13041982,13046976,+,Protein_Kinases
LOC103711210,ATP-dependent 6-phosphofructokinase 3,NC_052402.1,13048797,13057838,-,Protein_Kinases
LOC103711214,mitogen-activated protein kinase kinase 1-like%2C transcript variant X2,NC_052402.1,13091986,13100969,-,Protein_Kinases
LOC120112395,receptor-like protein kinase HSL1,NC_052402.1,13198084,13202174,+,Protein_Kinases
LOC103711471,hexokinase-2-like%2C transcript variant X1,NC_052402.1,13218418,13228939,+,Protein_Kinases
LOC103700466,receptor-like protein kinase HSL1,NC_052402.1,13231440,13233023,-,Protein_Kinases
LOC103722014,casein kinase 1-like protein HD16%2C transcript variant X2,NC_052402.1,13347037,13352680,-,Protein_Kinases
LOC103715023,cold-responsive protein kinase 1-like,NC_052402.1,13793812,13814209,+,Protein_Kinases
LOC103715144,mitogen-activated protein kinase 9-like,NC_052402.1,14396921,14405804,-,Protein_Kinases
LOC103709353,lysM domain receptor-like kinase 3,NC_052402.1,15019212,15025337,-,Protein_Kinases
LOC103709305,mitogen-activated protein kinase 3-like%2C transcript variant X1,NC_052402.1,15136217,15145902,-,Protein_Kinases
LOC103717089,calcium permeable stress-gated cation channel 1-like%2C transcript variant X3,NC_052402.1,15874407,15903725,-,Ion_Transporters
LOC103698261,CBL-interacting protein kinase 8-like%2C transcript variant X5,NC_052402.1,15964869,16004304,-,Protein_Kinases
LOC103714641,probable serine/threonine protein kinase IRE,NC_052402.1,16042729,16065220,-,Protein_Kinases
LOC103714625,receptor-like protein kinase THESEUS 1%2C transcript variant X1,NC_052402.1,16466013,16470211,+,Protein_Kinases
LOC103714772,sphingosine kinase 1-like%2C transcript variant X2,NC_052402.1,16629876,16636134,-,Protein_Kinases
LOC103722131,SNF1-related protein kinase regulatory subunit beta-1-like,NC_052402.1,17278011,17289028,-,Protein_Kinases
LOC103723977,universal stress protein PHOS32-like%2C transcript variant X1,NC_052402.1,17833920,17849698,+,Stress_Osmoprotectants
LOC103697747,mitogen-activated protein kinase kinase kinase 21-like,NC_052402.1,17939062,17946902,+,Protein_Kinases
LOC103723978,receptor-like serine/threonine-protein kinase SD1-8,NC_052402.1,17975421,17983387,+,Protein_Kinases
LOC113461066,receptor-like serine/threonine-protein kinase SD1-8,NC_052402.1,17995863,18000346,+,Protein_Kinases
LOC120112420,receptor-like serine/threonine-protein kinase SD1-7,NC_052402.1,18053039,18053871,-,Protein_Kinases
LOC103695872,receptor-like serine/threonine-protein kinase SD1-8,NC_052402.1,18053977,18057388,-,Protein_Kinases
LOC103697122,receptor-like serine/threonine-protein kinase SD1-8,NC_052402.1,18076759,18078981,-,Protein_Kinases
LOC120112422,probable serine/threonine-protein kinase PBL16%2C transcript variant X1,NC_052402.1,18159519,18166648,+,Protein_Kinases
LOC103721937,serine/threonine-protein kinase 3/4%2C transcript variant X3,NC_052402.1,19101868,19143487,-,Protein_Kinases
LOC103720489,probable tetraacyldisaccharide 4'-kinase%2C mitochondrial%2C transcript variant X4,NC_052402.1,19738379,19763477,-,Protein_Kinases
LOC120103898,wee1-like protein kinase%2C transcript variant X2,NC_052402.1,19974290,19975591,+,Protein_Kinases
LOC103719110,calcium-dependent protein kinase 2,NC_052402.1,20134605,20143174,-,Protein_Kinases
LOC103695863,probable serine/threonine-protein kinase PBL23,NC_052402.1,20964065,21002545,+,Protein_Kinases
LOC120112444,SRSF protein kinase 2-like,NC_052402.1,21659436,21678073,+,Protein_Kinases
LOC103710493,LRR receptor-like serine/threonine-protein kinase GHR1%2C transcript variant X2,NC_052402.1,24506120,24512810,-,Protein_Kinases
LOC103710515,protein kinase PINOID-like%2C transcript variant X2,NC_052402.1,25102096,25105455,-,Protein_Kinases
LOC103710520,p21-activated protein kinase-interacting protein 1-like,NC_052402.1,25220657,25225785,+,Protein_Kinases
LOC103710527,leucine-rich repeat receptor-like serine/threonine-protein kinase At1g17230%2C transcript variant X1,NC_052402.1,25455298,25469296,-,Protein_Kinases
LOC103698442,K(+) efflux antiporter 3%2C chloroplastic,NC_052402.1,26418061,26475292,-,Ion_Transporters
LOC103722492,putative proline-rich receptor-like protein kinase PERK6,NC_052402.1,26614622,26615425,+,Protein_Kinases
LOC103718847,cation/H(+) antiporter 15-like,NC_052402.1,27137483,27141137,+,Ion_Transporters
LOC120112476,zinc finger A20 and AN1 domain-containing stress-associated protein 9-like,NC_052402.1,27420024,27421757,+,Transcription_Factors
LOC120112480,zinc finger A20 and AN1 domain-containing stress-associated protein 9-like%2C transcript variant X2,NC_052402.1,27447711,27449561,+,Transcription_Factors
LOC120112483,zinc finger A20 and AN1 domain-containing stress-associated protein 9-like%2C transcript variant X2,NC_052402.1,27536076,27537912,+,Transcription_Factors
LOC120112486,zinc finger A20 and AN1 domain-containing stress-associated protein 9-like,NC_052402.1,27631155,27632947,+,Transcription_Factors
LOC103698790,putative receptor protein kinase ZmPK1,NC_052403.1,138708,141478,+,Protein_Kinases
LOC103714600,putative receptor protein kinase ZmPK1,NC_052403.1,160973,163648,-,Protein_Kinases
LOC103696647,putative receptor protein kinase ZmPK1,NC_052403.1,173896,176567,+,Protein_Kinases
LOC103715502,serine/threonine-protein kinase BSK5-like,NC_052403.1,385586,393091,+,Protein_Kinases
LOC103713712,fructokinase-like 1%2C chloroplastic,NC_052403.1,532141,534265,+,Protein_Kinases
LOC103703471,probable serine/threonine-protein kinase PBL23,NC_052403.1,1144793,1149109,+,Protein_Kinases
LOC103696700,calcium/calmodulin-regulated receptor-like kinase 1%2C transcript variant X1,NC_052403.1,1470392,1480642,-,Protein_Kinases
LOC103709929,G-type lectin S-receptor-like serine/threonine-protein kinase At4g27290,NC_052403.1,1625970,1630748,+,Protein_Kinases
LOC103709880,cysteine-rich receptor-like protein kinase 10%2C transcript variant X2,NC_052403.1,1632587,1636880,-,Protein_Kinases
LOC103709881,universal stress protein PHOS34-like,NC_052403.1,1640124,1650513,-,Stress_Osmoprotectants
LOC103709886,diacylglycerol kinase 5-like%2C transcript variant X2,NC_052403.1,1678120,1688110,-,Protein_Kinases
LOC103709912,mitogen-activated protein kinase 15%2C transcript variant X1,NC_052403.1,2055357,2066658,+,Protein_Kinases
LOC103705040,heat stress transcription factor B-4b-like,NC_052403.1,3072960,3074887,-,Stress_Osmoprotectants
LOC103705099,calcium-dependent protein kinase 2-like,NC_052403.1,3185372,3188999,-,Protein_Kinases
LOC103705020,SNF1-related protein kinase regulatory subunit beta-1-like%2C transcript variant X1,NC_052403.1,3235190,3238607,+,Protein_Kinases
LOC103705015,CBL-interacting protein kinase 32-like%2C transcript variant X1,NC_052403.1,3286361,3296567,-,Protein_Kinases
LOC103719752,bifunctional aspartokinase/homoserine dehydrogenase 1%2C transcript variant X2,NC_052403.1,3783102,3793105,+,Protein_Kinases
LOC103705907,probable serine/threonine-protein kinase PBL8%2C transcript variant X1,NC_052403.1,4296425,4307295,+,Protein_Kinases
LOC103705913,cyclin-dependent kinase B1-1-like,NC_052403.1,4360989,4372678,+,Protein_Kinases
LOC103705968,probable inactive receptor kinase At5g58300%2C transcript variant X1,NC_052403.1,4548683,4555748,+,Protein_Kinases
LOC103708906,probable LRR receptor-like serine/threonine-protein kinase IRK,NC_052403.1,4747229,4751861,+,Protein_Kinases
LOC103708903,probable serine/threonine-protein kinase PBL1,NC_052403.1,4806701,4811718,-,Protein_Kinases
LOC103708887,serine/threonine-protein kinase STY13-like,NC_052403.1,4881785,4890178,-,Protein_Kinases
LOC103708883,probable serine/threonine-protein kinase WNK5%2C transcript variant X1,NC_052403.1,4952819,4959234,+,Protein_Kinases
LOC103708879,CBL-interacting protein kinase 18-like,NC_052403.1,5008442,5012125,+,Protein_Kinases
LOC103708878,stress response protein nst1-like%2C transcript variant X1,NC_052403.1,5016282,5027265,-,Stress_Osmoprotectants
LOC103708928,CBL-interacting serine/threonine-protein kinase 14-like,NC_052403.1,5041680,5043243,-,Protein_Kinases
LOC108511376,biogenesis of lysosome-related organelles complex 1 subunit 1%2C transcript variant X1,NC_052403.1,5068543,5072900,+,Other_Signaling_Metabolism
LOC103708921,cation/H(+) antiporter 15,NC_052403.1,5281218,5285621,-,Ion_Transporters
LOC103722776,probable phytol kinase 2%2C chloroplastic,NC_052403.1,5579664,5583459,+,Protein_Kinases
LOC103718118,calcium-dependent protein kinase 3-like%2C transcript variant X1,NC_052403.1,5785006,5797501,+,Protein_Kinases
LOC103718123,dual specificity tyrosine-phosphorylation-regulated kinase 4-like%2C transcript variant X1,NC_052403.1,5868360,5877600,+,Protein_Kinases
LOC103696387,glucuronokinase 1-like,NC_052403.1,6296923,6302433,+,Protein_Kinases
LOC103697789,probable membrane-associated kinase regulator 4,NC_052403.1,6343090,6344064,+,Protein_Kinases
LOC103696454,protein SODIUM POTASSIUM ROOT DEFECTIVE 1-like,NC_052403.1,6368559,6370153,-,Ion_Transporters
LOC103696481,serine/threonine-protein kinase AFC1-like,NC_052403.1,6423331,6429375,-,Protein_Kinases
LOC103696649,cation/H(+) antiporter 20-like,NC_052403.1,6590783,6594901,-,Ion_Transporters
LOC103698931,serine/threonine-protein kinase PCRK1,NC_052403.1,6928872,6935157,-,Protein_Kinases
LOC113461133,cyclin-dependent protein kinase inhibitor SMR4-like,NC_052403.1,7079223,7079864,+,Protein_Kinases
LOC103697303,L-type lectin-domain containing receptor kinase S.4-like,NC_052403.1,7188509,7191256,-,Protein_Kinases
LOC103712645,universal stress protein PHOS32%2C transcript variant X1,NC_052403.1,7693699,7696577,+,Stress_Osmoprotectants
LOC103712660,serine/threonine-protein kinase pakF-like,NC_052403.1,7826639,7846051,+,Protein_Kinases
LOC103712675,galactokinase-like%2C transcript variant X3,NC_052403.1,7898153,7917841,+,Protein_Kinases
LOC103697930,shaggy-related protein kinase alpha-like%2C transcript variant X2,NC_052403.1,9471647,9480527,+,Protein_Kinases
LOC103723089,N-acetyl-D-glucosamine kinase-like,NC_052403.1,9921088,9967888,+,Protein_Kinases
LOC120103742,serine/threonine-protein kinase tricornered-like%2C transcript variant X2,NC_052403.1,12662922,12697910,-,Protein_Kinases
LOC103714902,sodium/hydrogen exchanger 1-like,NC_052403.1,12908607,12920713,+,Ion_Transporters
LOC103719689,leucine-rich repeat receptor-like kinase protein FLORAL ORGAN NUMBER1,NC_052403.1,13256052,13258381,-,Protein_Kinases
LOC103720948,MDIS1-interacting receptor like kinase 2-like,NC_052403.1,13415412,13419631,+,Protein_Kinases
LOC103718758,receptor-like cytosolic serine/threonine-protein kinase RBK1%2C transcript variant X2,NC_052403.1,13458865,13466279,+,Protein_Kinases
LOC120112810,zinc finger A20 and AN1 domain-containing stress-associated protein 11-like,NC_052403.1,13679622,13680192,+,Transcription_Factors
LOC103720051,CBL-interacting protein kinase 1-like%2C transcript variant X2,NC_052404.1,85313,89320,+,Protein_Kinases
LOC103720053,pyruvate dehydrogenase (acetyl-transferring) kinase%2C mitochondrial-like,NC_052404.1,144306,153087,+,Protein_Kinases
LOC103720054,probable receptor-like protein kinase At5g18500,NC_052404.1,182103,189988,+,Protein_Kinases
LOC103721668,phosphatidylinositol 4-kinase gamma 8-like,NC_052404.1,1169583,1173412,-,Protein_Kinases
LOC120112840,SNF1-related protein kinase catalytic subunit alpha KIN10-like%2C transcript variant X2,NC_052404.1,1240554,1255247,+,Protein_Kinases
LOC103707246,universal stress protein PHOS34%2C transcript variant X1,NC_052404.1,1630502,1636000,-,Stress_Osmoprotectants
LOC103707267,thiamine pyrophosphokinase 1%2C transcript variant X4,NC_052404.1,1709602,1734408,-,Protein_Kinases
LOC103707273,stress-related protein,NC_052404.1,1773672,1775512,-,Stress_Osmoprotectants
LOC103711750,probable serine/threonine-protein kinase At1g01540%2C transcript variant X3,NC_052404.1,2262830,2268880,-,Protein_Kinases
LOC103711736,serine/threonine-protein kinase PBL27-like%2C transcript variant X1,NC_052404.1,2303228,2314020,+,Protein_Kinases
LOC103711730,probable serine/threonine-protein kinase At1g54610,NC_052404.1,2396580,2406044,+,Protein_Kinases
LOC103711717,serine/threonine-protein kinase RUNKEL%2C transcript variant X1,NC_052404.1,2531471,2540157,-,Protein_Kinases
LOC103714679,hexokinase-3-like,NC_052404.1,2909693,2921843,+,Protein_Kinases
LOC103701723,phosphatidylinositol 4-phosphate 5-kinase 6-like,NC_052404.1,3905982,3911418,+,Protein_Kinases
LOC103701662,probable NAD kinase 1,NC_052404.1,4253661,4306875,-,Protein_Kinases
LOC103716431,probable membrane-associated kinase regulator 1,NC_052404.1,4564729,4566345,-,Protein_Kinases
LOC120112928,putative proline-rich receptor-like protein kinase PERK6,NC_052404.1,4890931,4898082,-,Protein_Kinases
LOC120112863,probable serine/threonine-protein kinase PBL7,NC_052404.1,4926551,4930214,-,Protein_Kinases
LOC103707264,putative GTP diphosphokinase RSH1%2C chloroplastic,NC_052404.1,6786484,6807156,+,Protein_Kinases
LOC103720662,proline-rich receptor-like protein kinase PERK15,NC_052404.1,7211735,7221308,+,Protein_Kinases
LOC103709635,shaggy-related protein kinase alpha,NC_052404.1,7715732,7721317,-,Protein_Kinases
LOC103709649,pyruvate kinase%2C cytosolic isozyme,NC_052404.1,7903517,7907530,-,Protein_Kinases
LOC120112896,probable leucine-rich repeat receptor-like protein kinase At5g49770,NC_052404.1,8255448,8261751,+,Protein_Kinases
LOC103709719,probable leucine-rich repeat receptor-like protein kinase At5g49770%2C transcript variant X1,NC_052404.1,8265871,8279226,+,Protein_Kinases
LOC103709698,cation/H(+) antiporter 15-like,NC_052404.1,8292767,8295697,-,Ion_Transporters
LOC103722177,probable inactive receptor kinase At5g58300%2C transcript variant X1,NC_052404.1,8560714,8566711,+,Protein_Kinases
LOC103722172,receptor-like protein kinase FERONIA,NC_052404.1,8606966,8610568,-,Protein_Kinases
LOC103722170,serine/threonine-protein kinase AtPK2/AtPK19-like,NC_052404.1,8634182,8641008,-,Protein_Kinases
LOC103722166,probable inactive serine/threonine-protein kinase scy1,NC_052404.1,8678573,8704899,-,Protein_Kinases
LOC103720398,probable LRR receptor-like serine/threonine-protein kinase IRK%2C transcript variant X1,NC_052404.1,8822330,8826276,+,Protein_Kinases
LOC103720401,probable serine/threonine-protein kinase PBL1%2C transcript variant X1,NC_052404.1,8871287,8877265,-,Protein_Kinases
LOC103720412,CBL-interacting protein kinase 18-like,NC_052404.1,9024163,9027755,+,Protein_Kinases
LOC103720413,CBL-interacting serine/threonine-protein kinase 14-like,NC_052404.1,9045444,9047116,-,Protein_Kinases
LOC103721516,probably inactive leucine-rich repeat receptor-like protein kinase IMK2,NC_052404.1,9357029,9360529,-,Protein_Kinases
LOC103706738,gamma-interferon-responsive lysosomal thiol protein%2C transcript variant X2,NC_052404.1,9534462,9541102,+,Other_Signaling_Metabolism
LOC103706722,inactive receptor-like serine/threonine-protein kinase At2g40270,NC_052404.1,9635446,9644992,+,Protein_Kinases
LOC103706744,mitogen-activated protein kinase kinase kinase 18-like,NC_052404.1,9858748,9861264,-,Protein_Kinases
LOC103706681,putative serine/threonine-protein kinase-like protein CCR3,NC_052404.1,10047318,10050847,-,Protein_Kinases
LOC103706664,L-type lectin-domain containing receptor kinase VIII.1-like,NC_052404.1,10227305,10234204,-,Protein_Kinases
LOC103706651,salt stress-induced hydrophobic peptide ESI3,NC_052404.1,10387022,10387560,+,Stress_Osmoprotectants
LOC103706636,probable serine/threonine-protein kinase PBL7%2C transcript variant X1,NC_052404.1,10579011,10583075,+,Protein_Kinases
LOC103721903,receptor-like protein kinase HERK 1%2C transcript variant X1,NC_052404.1,10779509,10783796,-,Protein_Kinases
LOC103721990,receptor-like cytoplasmic kinase 176,NC_052404.1,11861580,11866397,+,Protein_Kinases
LOC103716779,wall-associated receptor kinase-like 20,NC_052404.1,12411512,12414987,+,Protein_Kinases
LOC103716781,serine/threonine-protein kinase ATG1c-like,NC_052404.1,12517211,12531833,+,Protein_Kinases
LOC113460923,universal stress protein PHOS32,NC_052404.1,12630360,12634688,-,Stress_Osmoprotectants
LOC103697238,calmodulin-binding receptor-like cytoplasmic kinase 2,NC_052404.1,12791188,12795315,-,Protein_Kinases
LOC103701404,proline-rich receptor-like protein kinase PERK2,NC_052405.1,207868,208713,-,Protein_Kinases
LOC103701286,calcium-dependent protein kinase 28-like,NC_052405.1,485129,492853,-,Protein_Kinases
LOC103701285,probable sodium/metabolite cotransporter BASS1%2C chloroplastic%2C transcript variant X2,NC_052405.1,498561,505248,-,Ion_Transporters
LOC103701276,serine/threonine-protein kinase SAPK7,NC_052405.1,636157,640002,-,Protein_Kinases
LOC103701392,mitogen-activated protein kinase kinase kinase 17-like,NC_052405.1,734219,735049,+,Protein_Kinases
LOC103701255,probable receptor-like protein kinase At1g49730%2C transcript variant X1,NC_052405.1,914884,924978,-,Protein_Kinases
LOC103701248,probable serine/threonine-protein kinase At1g01540,NC_052405.1,943210,947627,-,Protein_Kinases
LOC103701386,leucine-rich repeat receptor-like serine/threonine-protein kinase BAM3,NC_052405.1,1079985,1085815,-,Protein_Kinases
LOC103701223,abscisic stress-ripening protein 5-like,NC_052405.1,1217249,1218537,+,Stress_Osmoprotectants
LOC103701225,abscisic stress-ripening protein 1-like,NC_052405.1,1229092,1230189,+,Stress_Osmoprotectants
LOC103701194,serine/threonine-protein kinase STY46-like%2C transcript variant X2,NC_052405.1,1534743,1555400,+,Protein_Kinases
LOC103699564,G-type lectin S-receptor-like serine/threonine-protein kinase LECRK2,NC_052405.1,1586227,1589589,-,Protein_Kinases
LOC120113109,G-type lectin S-receptor-like serine/threonine-protein kinase LECRK2,NC_052405.1,1601826,1602806,+,Protein_Kinases
LOC103699774,G-type lectin S-receptor-like serine/threonine-protein kinase LECRK2,NC_052405.1,1610041,1615170,-,Protein_Kinases
LOC103714319,G-type lectin S-receptor-like serine/threonine-protein kinase LECRK3,NC_052405.1,1621632,1624205,-,Protein_Kinases
LOC103714300,probable serine/threonine-protein kinase WNK7,NC_052405.1,1645270,1654008,+,Protein_Kinases
LOC103714306,lysosomal Pro-X carboxypeptidase-like,NC_052405.1,2234297,2238407,+,Other_Signaling_Metabolism
LOC103705952,probable sodium/metabolite cotransporter BASS4%2C chloroplastic%2C transcript variant X2,NC_052405.1,2889845,2898873,-,Ion_Transporters
LOC103706078,zinc finger A20 and AN1 domain-containing stress-associated protein 5,NC_052405.1,2986207,2987743,-,Transcription_Factors
LOC103706093,serine/threonine-protein kinase D6PKL2,NC_052405.1,3052252,3055505,-,Protein_Kinases
LOC103706110,serine/threonine-protein kinase D6PKL1%2C transcript variant X2,NC_052405.1,3070166,3075990,+,Protein_Kinases
LOC103719841,stress response protein NST1-like%2C transcript variant X3,NC_052405.1,3179900,3182526,+,Stress_Osmoprotectants
LOC120113119,stress-response A/B barrel domain-containing protein At5g22580-like,NC_052405.1,3234373,3235055,+,Stress_Osmoprotectants
LOC103719863,heat stress transcription factor A-3,NC_052405.1,3289952,3296451,+,Stress_Osmoprotectants
LOC103696326,leucine-rich repeat receptor-like protein kinase PXC1,NC_052405.1,3481534,3484399,+,Protein_Kinases
LOC103697737,pyruvate kinase 1%2C cytosolic%2C transcript variant X3,NC_052405.1,3528052,3540730,+,Protein_Kinases
LOC103719814,probable serine/threonine-protein kinase PBL7,NC_052405.1,4735584,4738484,-,Protein_Kinases
LOC103700749,cyclin-dependent kinase 11A-like,NC_052405.1,4840195,4841272,+,Protein_Kinases
LOC103708100,serine/threonine-protein kinase PBS1,NC_052405.1,5349263,5355856,+,Protein_Kinases
LOC103708088,probable serine/threonine-protein kinase At1g54610,NC_052405.1,5551503,5555407,-,Protein_Kinases
LOC103708087,probable inactive shikimate kinase like 1%2C chloroplastic,NC_052405.1,5561121,5566353,+,Protein_Kinases
LOC103712388,LRR receptor-like serine/threonine-protein kinase RPK2,NC_052405.1,6474703,6480573,-,Protein_Kinases
LOC103712380,chitin elicitor receptor kinase 1%2C transcript variant X1,NC_052405.1,6576565,6586785,-,Protein_Kinases
LOC103712359,inositol polyphosphate multikinase IPK2,NC_052405.1,6876333,6877575,+,Protein_Kinases
LOC103722321,C-type lectin receptor-like tyrosine-protein kinase At1g52310%2C transcript variant X1,NC_052405.1,7198839,7210173,-,Protein_Kinases
LOC103701325,1-phosphatidylinositol-3-phosphate 5-kinase FAB1B-like%2C transcript variant X1,NC_052405.1,7280839,7291752,+,Protein_Kinases
LOC103701357,probable NAD kinase 2%2C chloroplastic,NC_052405.1,7701276,7710951,-,Protein_Kinases
LOC103701364,probable receptor-like serine/threonine-protein kinase At5g57670%2C transcript variant X1,NC_052405.1,7796289,7800724,-,Protein_Kinases
LOC103701420,probable leucine-rich repeat receptor-like protein kinase At2g33170,NC_052405.1,7903356,7907332,-,Protein_Kinases
LOC120113031,leucine-rich repeat receptor-like serine/threonine-protein kinase At1g17230,NC_052405.1,7914413,7917380,+,Protein_Kinases
LOC103707547,leucine-rich repeat receptor-like serine/threonine-protein kinase At1g17230,NC_052405.1,7925046,7927031,+,Protein_Kinases
LOC103720517,mitogen-activated protein kinase kinase kinase 3-like,NC_052405.1,8186621,8196532,-,Protein_Kinases
LOC103720513,phosphatidylinositol 4-kinase beta 1%2C transcript variant X1,NC_052405.1,8296996,8327918,-,Protein_Kinases
LOC103704838,pyruvate kinase 1%2C cytosolic-like,NC_052405.1,8552998,8565526,+,Protein_Kinases
LOC103704835,protein ACTIVITY OF BC1 COMPLEX KINASE 1%2C chloroplastic,NC_052405.1,8583349,8593516,-,Protein_Kinases
LOC120113038,serine/threonine-protein kinase-like protein CCR4,NC_052405.1,8813286,8816289,-,Protein_Kinases
LOC103704812,receptor protein-tyrosine kinase CEPR2%2C transcript variant X1,NC_052405.1,8827793,8836292,-,Protein_Kinases
LOC103704810,leucine-rich repeat receptor-like serine/threonine-protein kinase BAM1,NC_052405.1,8872547,8878407,+,Protein_Kinases
LOC103699154,non-lysosomal glucosylceramidase-like%2C transcript variant X1,NC_052405.1,9464562,9488078,-,Other_Signaling_Metabolism
LOC103704866,probable serine/threonine-protein kinase At1g54610,NC_052405.1,9613594,9619660,+,Protein_Kinases
LOC103716123,probable leucine-rich repeat receptor-like protein kinase At5g49770%2C transcript variant X1,NC_052405.1,10285288,10301212,+,Protein_Kinases
LOC113460918,probable leucine-rich repeat receptor-like protein kinase At5g49770,NC_052405.1,10306666,10316330,+,Protein_Kinases
LOC103715334,diacylglycerol kinase 1-like%2C transcript variant X3,NC_052405.1,10652081,10656436,-,Protein_Kinases
LOC103699321,probably inactive leucine-rich repeat receptor-like protein kinase At5g48380,NC_052405.1,10804763,10808122,+,Protein_Kinases
LOC103715226,probably inactive leucine-rich repeat receptor-like protein kinase At5g48380,NC_052405.1,10833761,10838001,+,Protein_Kinases
LOC103715196,integrin-linked protein kinase 1-like,NC_052405.1,10877167,10889648,+,Protein_Kinases
LOC103714607,fructokinase-1-like,NC_052405.1,11594992,11597112,-,Protein_Kinases
LOC103714553,serine/threonine-protein kinase-like protein CR4,NC_052405.1,11643771,11647882,+,Protein_Kinases
LOC103722163,calcium-dependent protein kinase 29-like,NC_052405.1,11791559,11797069,+,Protein_Kinases
LOC113463748,receptor kinase-like protein Xa21,NC_052405.1,11805684,11806716,+,Protein_Kinases
LOC120113135,putative receptor-like protein kinase At3g47110,NC_052405.1,11820860,11840442,+,Protein_Kinases
LOC103722162,receptor kinase-like protein Xa21,NC_052405.1,11839248,11840240,+,Protein_Kinases
LOC103717551,PTI1-like tyrosine-protein kinase 3,NC_052405.1,12139424,12148259,-,Protein_Kinases
LOC103717538,serine/threonine-protein kinase OXI1-like,NC_052405.1,12375573,12377321,-,Protein_Kinases
LOC103717539,zinc finger AN1 domain-containing stress-associated protein 15-like,NC_052405.1,12388068,12389417,-,Transcription_Factors
LOC103702926,receptor protein kinase-like protein ZAR1,NC_052405.1,12499916,12505075,-,Protein_Kinases
LOC103702931,probable inactive leucine-rich repeat receptor-like protein kinase At3g03770,NC_052405.1,12617510,12633555,-,Protein_Kinases
LOC103702935,adenylate kinase 4%2C transcript variant X5,NC_052405.1,12708380,12748175,+,Protein_Kinases
LOC103719868,cyclin-dependent kinase G-2%2C transcript variant X10,NC_052405.1,12981599,12999202,-,Protein_Kinases
LOC103711613,probable LRR receptor-like serine/threonine-protein kinase At1g67720%2C transcript variant X2,NC_052405.1,14012868,14048995,-,Protein_Kinases
LOC103710821,TSL-kinase interacting protein 1-like%2C transcript variant X1,NC_052405.1,15689372,15700303,+,Protein_Kinases
LOC103717556,probable serine/threonine-protein kinase WNK3%2C transcript variant X1,NC_052405.1,17416474,17433228,-,Protein_Kinases
LOC103714355,phosphoglucan%2C water dikinase%2C chloroplastic%2C transcript variant X2,NC_052405.1,18009606,18073821,+,Protein_Kinases
LOC103707310,serine/threonine-protein kinase OSR1-like%2C transcript variant X1,NC_052405.1,18187078,18211181,+,Protein_Kinases
LOC103697920,receptor like protein kinase S.2,NC_052405.1,21304540,21307375,+,Protein_Kinases
LOC103710569,probable LRR receptor-like serine/threonine-protein kinase At5g48740,NC_052405.1,21643203,21656423,+,Protein_Kinases
LOC103696642,L-type lectin-domain containing receptor kinase S.1,NC_052405.1,22657364,22660176,-,Protein_Kinases
LOC103695769,serine/threonine-protein kinase STY13-like,NC_052405.1,22998070,23006123,+,Protein_Kinases
LOC103695699,receptor-like kinase TMK4,NC_052405.1,24103838,24118398,+,Protein_Kinases
LOC103723957,probable serine/threonine-protein kinase PBL28,NC_052405.1,24227747,24235627,+,Protein_Kinases
LOC103719791,casein kinase II subunit alpha-2-like,NC_052406.1,1197124,1219674,-,Protein_Kinases
LOC103718175,probable leucine-rich repeat receptor-like protein kinase At1g35710,NC_052406.1,1669382,1679415,+,Protein_Kinases
LOC103708261,LRR receptor-like serine/threonine-protein kinase RPK2,NC_052406.1,2453950,2457868,+,Protein_Kinases
LOC103704289,L-type lectin-domain containing receptor kinase S.4-like,NC_052406.1,2723945,2726723,-,Protein_Kinases
LOC103699100,SNF1-related protein kinase regulatory subunit beta-2-like,NC_052406.1,2986535,3000310,+,Protein_Kinases
LOC103704233,proline-rich receptor-like protein kinase PERK4,NC_052406.1,3201545,3206186,+,Protein_Kinases
LOC103704241,probable receptor-like serine/threonine-protein kinase At4g34500%2C transcript variant X5,NC_052406.1,3536407,3545579,-,Protein_Kinases
LOC103704246,probable LRR receptor-like serine/threonine-protein kinase At2g16250,NC_052406.1,3715076,3723490,-,Protein_Kinases
LOC103704305,leucine-rich repeat receptor-like serine/threonine-protein kinase BAM1,NC_052406.1,3912007,3915855,+,Protein_Kinases
LOC103704254,LRR receptor-like serine/threonine-protein kinase HSL2,NC_052406.1,3948775,3952706,+,Protein_Kinases
LOC103704259,inositol-tetrakisphosphate 1-kinase 1-like%2C transcript variant X4,NC_052406.1,3998205,4010332,+,Protein_Kinases
LOC103698999,L-type lectin-domain containing receptor kinase S.4-like,NC_052406.1,4616874,4619331,+,Protein_Kinases
LOC103712548,L-type lectin-domain containing receptor kinase S.4-like,NC_052406.1,4686143,4688715,+,Protein_Kinases
LOC103712545,G-type lectin S-receptor-like serine/threonine-protein kinase At5g35370,NC_052406.1,4753880,4756599,-,Protein_Kinases
LOC103712507,heat stress transcription factor B-1-like,NC_052406.1,4921041,4923883,+,Stress_Osmoprotectants
LOC103712538,probable LRR receptor-like serine/threonine-protein kinase At1g67720,NC_052406.1,5026415,5029742,+,Protein_Kinases
LOC103712498,cyclin-dependent kinase inhibitor 1-like,NC_052406.1,5195048,5196365,-,Protein_Kinases
LOC103695443,universal stress protein PHOS34,NC_052406.1,5635145,5641187,+,Stress_Osmoprotectants
LOC103723731,serine/threonine-protein kinase-like protein At1g28390,NC_052406.1,5841014,5842835,+,Protein_Kinases
LOC103723175,serine/threonine-protein kinase PEPKR2-like%2C transcript variant X1,NC_052406.1,5920423,5928960,-,Protein_Kinases
LOC103707936,LRR receptor kinase SERK2-like%2C transcript variant X2,NC_052406.1,6516022,6535177,+,Protein_Kinases
LOC103707911,cyclin-dependent kinase C-2-like%2C transcript variant X1,NC_052406.1,6628809,6637647,+,Protein_Kinases
SERK1,somatic embryogenesis receptor kinase 2,NC_052406.1,7221893,7231589,-,Protein_Kinases
LOC103717761,uncharacterized aarF domain-containing protein kinase At1g71810%2C chloroplastic%2C transcript variant X2,NC_052406.1,7277370,7299358,+,Protein_Kinases
LOC103717760,shikimate kinase 3%2C chloroplastic-like,NC_052406.1,7300513,7305230,-,Protein_Kinases
LOC103716412,ATP-dependent 6-phosphofructokinase 5%2C chloroplastic-like%2C transcript variant X2,NC_052406.1,7649388,7665807,+,Protein_Kinases
LOC120113281,1-phosphatidylinositol-3-phosphate 5-kinase FAB1B-like,NC_052406.1,8317423,8329994,-,Protein_Kinases
LOC103714859,1-phosphatidylinositol-3-phosphate 5-kinase FAB1B-like,NC_052406.1,8494039,8507824,-,Protein_Kinases
LOC120113357,dual specificity protein kinase splA-like,NC_052406.1,8674516,8676642,-,Protein_Kinases
LOC103716317,pollen receptor-like kinase 3,NC_052406.1,8815779,8818528,+,Protein_Kinases
LOC103716300,serine/threonine-protein kinase RIPK-like,NC_052406.1,8955545,8960243,-,Protein_Kinases
LOC103705766,stress enhanced protein 1%2C chloroplastic-like,NC_052406.1,9139982,9148048,-,Stress_Osmoprotectants
LOC103705792,casein kinase 1-like protein HD16,NC_052406.1,9478426,9489733,+,Protein_Kinases
LOC103705810,putative 3%2C4-dihydroxy-2-butanone kinase%2C transcript variant X2,NC_052406.1,9748880,9774593,-,Protein_Kinases
LOC103705815,probable histidine kinase 4%2C transcript variant X3,NC_052406.1,9873812,9883931,-,Protein_Kinases
LOC103705819,receptor protein kinase TMK1-like,NC_052406.1,9992510,9997051,+,Protein_Kinases
LOC103705828,wee1-like protein kinase,NC_052406.1,10114355,10119337,+,Protein_Kinases
LOC103705829,cysteine-rich receptor-like protein kinase 10%2C transcript variant X1,NC_052406.1,10122042,10130991,+,Protein_Kinases
LOC103705844,proline-rich receptor-like protein kinase PERK9,NC_052406.1,10383405,10389622,-,Protein_Kinases
LOC103705846,serine/threonine-protein kinase STY13-like,NC_052406.1,10433967,10442921,-,Protein_Kinases
LOC103711518,serine/threonine-protein kinase BLUS1-like%2C transcript variant X2,NC_052406.1,10605173,10630844,+,Protein_Kinases
LOC103711575,LRR receptor-like serine/threonine-protein kinase GSO2,NC_052406.1,10708563,10712525,-,Protein_Kinases
LOC103711573,universal stress protein A-like protein,NC_052406.1,10724316,10726871,-,Stress_Osmoprotectants
LOC103711572,alpha-glucan water dikinase%2C chloroplastic%2C transcript variant X4,NC_052406.1,10734375,10753320,+,Protein_Kinases
LOC103711547,inositol-pentakisphosphate 2-kinase IPK1%2C transcript variant X10,NC_052406.1,11114817,11122565,-,Protein_Kinases
LOC103711544,uncharacterized sugar kinase slr0537,NC_052406.1,11152317,11156867,-,Protein_Kinases
LOC103711530,phosphatidylinositol 3-kinase%2C root isoform-like%2C transcript variant X2,NC_052406.1,11311822,11334045,+,Protein_Kinases
LOC103711528,pantothenate kinase 2-like%2C transcript variant X2,NC_052406.1,11335894,11360598,+,Protein_Kinases
LOC120103718,serine/threonine-protein kinase BLUS1-like%2C transcript variant X2,NC_052406.1,11455345,11491449,-,Protein_Kinases
LOC103723131,protein NSP-INTERACTING KINASE 3,NC_052406.1,11770161,11778540,+,Protein_Kinases
LOC103710205,wall-associated receptor kinase-like 20,NC_052407.1,408953,411322,+,Protein_Kinases
LOC103722252,LRR receptor-like serine/threonine-protein kinase FEI 1%2C transcript variant X1,NC_052407.1,823923,827983,-,Protein_Kinases
LOC103720100,inositol hexakisphosphate and diphosphoinositol-pentakisphosphate kinase VIP2-like%2C transcript variant X1,NC_052407.1,959245,1025080,+,Protein_Kinases
LOC103721966,LEAF RUST 10 DISEASE-RESISTANCE LOCUS RECEPTOR-LIKE PROTEIN KINASE-like 1.5,NC_052407.1,1274036,1277190,+,Protein_Kinases
LOC103711425,LRR receptor-like serine/threonine-protein kinase GSO1,NC_052407.1,2954155,2958994,-,Protein_Kinases
LOC103715707,probable receptor-like protein kinase At1g49730%2C transcript variant X2,NC_052407.1,3257422,3264749,-,Protein_Kinases
LOC103696938,phosphoglycerate kinase%2C cytosolic-like,NC_052407.1,3475383,3479633,+,Protein_Kinases
LOC103718791,phosphoglycerate kinase%2C cytosolic,NC_052407.1,3480779,3487322,+,Protein_Kinases
LOC103705979,putative uridine kinase C227.14%2C transcript variant X1,NC_052407.1,3756409,3794908,+,Protein_Kinases
LOC103696596,CBL-interacting protein kinase 4-like,NC_052407.1,4078353,4080130,-,Protein_Kinases
LOC103716164,pyruvate kinase isozyme A%2C chloroplastic-like%2C transcript variant X1,NC_052407.1,4200569,4211825,-,Protein_Kinases
LOC103724118,heat stress transcription factor A-2b-like%2C transcript variant X1,NC_052407.1,4680648,4685182,-,Stress_Osmoprotectants
LOC103713662,lysosomal Pro-X carboxypeptidase-like%2C transcript variant X2,NC_052407.1,4757487,4785213,+,Other_Signaling_Metabolism
LOC103709170,wall-associated receptor kinase-like 14,NC_052407.1,6099487,6105444,-,Protein_Kinases
LOC103709187,serine/threonine-protein kinase Aurora-3-like%2C transcript variant X1,NC_052407.1,6450673,6453741,-,Protein_Kinases
LOC103709149,serine/threonine-protein kinase SAPK10-like%2C transcript variant X1,NC_052407.1,6553886,6561857,-,Protein_Kinases
LOC103709183,mitogen-activated protein kinase kinase kinase 5-like%2C transcript variant X1,NC_052407.1,6721139,6740832,+,Protein_Kinases
LOC103709130,casein kinase II subunit alpha-like,NC_052407.1,6991408,7019066,-,Protein_Kinases
LOC103717912,cold-responsive protein kinase 1,NC_052407.1,7645429,7660131,-,Protein_Kinases
LOC103717919,LRR receptor-like serine/threonine-protein kinase GHR1,NC_052407.1,7779225,7786891,-,Protein_Kinases
LOC103717922,probable receptor-like protein kinase At1g30570%2C transcript variant X2,NC_052407.1,7821823,7825649,-,Protein_Kinases
LOC103700858,isopentenyl phosphate kinase%2C transcript variant X2,NC_052407.1,8530000,8539936,-,Protein_Kinases
LOC103698788,casein kinase II subunit alpha-2-like%2C transcript variant X1,NC_052407.1,9132504,9146364,+,Protein_Kinases
LOC103709825,serine/threonine-protein kinase tricornered-like%2C transcript variant X2,NC_052407.1,9712029,9730158,+,Protein_Kinases
LOC120104140,stress response protein NST1-like,NC_052407.1,9880280,9882273,-,Stress_Osmoprotectants
LOC108510999,probable LRR receptor-like serine/threonine-protein kinase At1g56130%2C transcript variant X1,NC_052407.1,10192567,10214486,+,Protein_Kinases
LOC103702231,probable LRR receptor-like serine/threonine-protein kinase At1g56140,NC_052407.1,10242096,10272586,+,Protein_Kinases
LOC103722528,probable LRR receptor-like serine/threonine-protein kinase At1g56140,NC_052407.1,10282908,10296019,+,Protein_Kinases
LOC103702707,proline-rich receptor-like protein kinase PERK7,NC_052407.1,10774453,10779429,+,Protein_Kinases
LOC103705703,probable LRR receptor-like serine/threonine-protein kinase At2g16250,NC_052407.1,11066384,11071899,-,Protein_Kinases
LOC103705711,leucine-rich repeat receptor-like serine/threonine-protein kinase BAM1,NC_052407.1,11204473,11208387,+,Protein_Kinases
LOC120104079,receptor-like protein kinase 7,NC_052407.1,11239373,11243191,+,Protein_Kinases
LOC103705762,receptor-like protein kinase 7,NC_052407.1,11270979,11275037,+,Protein_Kinases
LOC103705713,receptor protein-tyrosine kinase CEPR1%2C transcript variant X2,NC_052407.1,11280914,11288053,+,Protein_Kinases
LOC103703688,CBL-interacting protein kinase 23-like%2C transcript variant X2,NC_052407.1,12117865,12123046,+,Protein_Kinases
LOC103703678,protein kinase PINOID,NC_052407.1,12239723,12242213,+,Protein_Kinases
LOC103712131,N-acetyl-D-glucosamine kinase-like,NC_052407.1,12716253,12724060,-,Protein_Kinases
LOC103697058,probable inactive leucine-rich repeat receptor-like protein kinase At3g03770,NC_052407.1,13176151,13182943,-,Protein_Kinases
LOC120103816,probable inactive leucine-rich repeat receptor-like protein kinase At3g03770%2C transcript variant X1,NC_052407.1,13518350,13525142,+,Protein_Kinases
LOC103715062,heat stress transcription factor B-2c-like,NC_052408.1,210958,212494,+,Stress_Osmoprotectants
LOC103723861,phosphoribulokinase%2C chloroplastic-like%2C transcript variant X2,NC_052408.1,1733660,1737691,-,Protein_Kinases
LOC103705039,gluconokinase%2C transcript variant X1,NC_052408.1,2455705,2463260,-,Protein_Kinases
LOC103724094,MOB kinase activator-like 1A,NC_052408.1,2807787,2824170,+,Protein_Kinases
LOC103723542,casein kinase II subunit beta-1-like%2C transcript variant X5,NC_052408.1,3930056,3944263,+,Protein_Kinases
LOC103707360,casein kinase II subunit beta-1-like%2C transcript variant X3,NC_052408.1,3965299,3981261,+,Protein_Kinases
LOC103696863,calcium-dependent protein kinase 18-like,NC_052408.1,4117482,4137327,-,Protein_Kinases
LOC103708288,cation/H(+) antiporter 15-like,NC_052408.1,4942005,4945307,-,Ion_Transporters
LOC103708290,probably inactive leucine-rich repeat receptor-like protein kinase IMK2,NC_052408.1,4977515,4981059,-,Protein_Kinases
LOC103699355,leucine-rich repeat receptor-like protein kinase TDR%2C transcript variant X3,NC_052408.1,5175478,5183243,-,Protein_Kinases
LOC103721800,salt tolerance receptor-like cytoplasmic kinase 1,NC_052408.1,5895014,5896895,-,Protein_Kinases
LOC120104343,receptor kinase-like protein Xa21,NC_052408.1,6065618,6068501,-,Protein_Kinases
LOC103700035,receptor kinase-like protein Xa21,NC_052408.1,6105866,6109801,-,Protein_Kinases
LOC120104345,probable LRR receptor-like serine/threonine-protein kinase At3g47570,NC_052408.1,6136338,6138297,-,Protein_Kinases
LOC103699515,receptor kinase-like protein Xa21,NC_052408.1,7176275,7179073,-,Protein_Kinases
LOC120104349,receptor kinase-like protein Xa21,NC_052408.1,7178768,7180079,-,Protein_Kinases
LOC120104351,receptor kinase-like protein Xa21,NC_052408.1,7227662,7231682,-,Protein_Kinases
LOC120104352,probable LRR receptor-like serine/threonine-protein kinase At3g47570,NC_052408.1,7264600,7266559,-,Protein_Kinases
LOC120104353,receptor kinase-like protein Xa21,NC_052408.1,7271087,7271989,-,Protein_Kinases
LOC103699752,probable LRR receptor-like serine/threonine-protein kinase At3g47570,NC_052408.1,7283057,7287016,-,Protein_Kinases
LOC103699436,receptor kinase-like protein Xa21,NC_052408.1,7312808,7316720,-,Protein_Kinases
LOC103724158,receptor kinase-like protein Xa21,NC_052408.1,7326526,7334555,-,Protein_Kinases
LOC103698686,receptor kinase-like protein Xa21,NC_052408.1,7689985,7692948,+,Protein_Kinases
LOC103712221,mitogen-activated protein kinase 2,NC_052408.1,8181813,8191086,+,Protein_Kinases
LOC103706395,UMP-CMP kinase 4-like%2C transcript variant X1,NC_052408.1,8842648,8849338,+,Protein_Kinases
LOC103706435,pyruvate kinase isozyme G%2C chloroplastic-like%2C transcript variant X1,NC_052408.1,8906803,8916187,+,Protein_Kinases
LOC103706386,serine/threonine-protein kinase BSK2-like,NC_052408.1,8948118,8961326,+,Protein_Kinases
LOC103698730,serine/threonine-protein kinase PCRK1-like%2C transcript variant X2,NC_052408.1,9471504,9478661,+,Protein_Kinases
LOC103714879,dolichol kinase EVAN-like%2C transcript variant X1,NC_052408.1,9592842,9607609,+,Protein_Kinases
LOC103714907,putative kinase-like protein TMKL1,NC_052408.1,9749880,9752392,+,Protein_Kinases
LOC103723570,hydroxyethylthiazole kinase,NC_052408.1,9994126,9998749,-,Protein_Kinases
LOC103711908,MDIS1-interacting receptor like kinase 1-like,NC_052408.1,10008501,10012157,+,Protein_Kinases
LOC103711866,receptor-like serine/threonine-protein kinase ALE2%2C transcript variant X1,NC_052408.1,10248003,10256016,+,Protein_Kinases
LOC103711863,sulfofructose kinase-like,NC_052408.1,10286450,10293333,+,Protein_Kinases
LOC103711834,cyclin-dependent kinase inhibitor 5-like%2C transcript variant X3,NC_052408.1,10624517,10629243,-,Protein_Kinases
LOC103711828,non-lysosomal glucosylceramidase-like%2C transcript variant X5,NC_052408.1,10708057,10718225,-,Other_Signaling_Metabolism
LOC103721753,casein kinase 1-like,NC_052408.1,10940249,10949088,+,Protein_Kinases
LOC103721878,serine/threonine-protein kinase 19 homolog%2C transcript variant X2,NC_052408.1,11027498,11039578,+,Protein_Kinases
LOC103718279,MDIS1-interacting receptor like kinase 2-like,NC_052408.1,11237235,11241956,+,Protein_Kinases
LOC103718262,receptor-like serine/threonine-protein kinase NCRK%2C transcript variant X2,NC_052408.1,11276630,11284253,+,Protein_Kinases
LOC103701121,probable serine/threonine-protein kinase PIX13,NC_052408.1,12029473,12035960,-,Protein_Kinases
LOC103701122,probable serine/threonine-protein kinase PIX13%2C transcript variant X1,NC_052408.1,12047235,12051852,-,Protein_Kinases
LOC103701123,probable serine/threonine-protein kinase PBL7,NC_052408.1,12057400,12065269,-,Protein_Kinases
LOC120104299,mitogen-activated protein kinase kinase 5-like,NC_052408.1,12173991,12177269,+,Protein_Kinases
LOC103723994,SRSF protein kinase 1-like,NC_052408.1,12258243,12263166,-,Protein_Kinases
LOC103717884,calcium-dependent protein kinase 26%2C transcript variant X2,NC_052408.1,12498296,12506496,+,Protein_Kinases
LOC103717581,probable adenylate kinase 6%2C chloroplastic,NC_052408.1,12782544,12792254,-,Protein_Kinases
LOC120104244,inactive leucine-rich repeat receptor-like serine/threonine-protein kinase At1g60630,NC_052408.1,12971587,12974737,+,Protein_Kinases
LOC103718571,probable leucine-rich repeat receptor-like protein kinase At1g35710,NC_052408.1,13886161,13888567,+,Protein_Kinases
LOC103716417,pyruvate kinase%2C cytosolic isozyme,NC_052408.1,14016519,14024243,-,Protein_Kinases
LOC103716187,cold-responsive protein kinase 1-like,NC_052408.1,14252328,14266814,-,Protein_Kinases
LOC103719405,K(+) efflux antiporter 2%2C chloroplastic-like%2C transcript variant X2,NC_052408.1,14731020,14748143,-,Ion_Transporters
LOC103719414,probable LRR receptor-like serine/threonine-protein kinase At1g63430%2C transcript variant X2,NC_052408.1,14905789,14914870,+,Protein_Kinases
LOC103705555,probable serine/threonine-protein kinase BSK3%2C transcript variant X1,NC_052408.1,15036924,15048658,+,Protein_Kinases
LOC103705553,wall-associated receptor kinase 2-like,NC_052408.1,15054536,15058905,+,Protein_Kinases
LOC103705516,mitogen-activated protein kinase kinase kinase YODA-like,NC_052408.1,15345459,15357453,-,Protein_Kinases
LOC103705496,phosphatidylinositol 4-phosphate 5-kinase 9-like,NC_052408.1,15656422,15671127,+,Protein_Kinases
LOC103705476,G-type lectin S-receptor-like serine/threonine-protein kinase SD2-2,NC_052408.1,15877037,15880004,+,Protein_Kinases
LOC103705474,calmodulin-binding receptor-like cytoplasmic kinase 2%2C transcript variant X1,NC_052408.1,15891861,15897314,+,Protein_Kinases
LOC103705569,receptor kinase-like protein Xa21,NC_052408.1,15961727,15965860,-,Protein_Kinases
LOC103719719,serine/threonine-protein kinase GRIK2-like%2C transcript variant X4,NC_052409.1,62513,73867,+,Protein_Kinases
LOC120104440,phosphoenolpyruvate carboxylase kinase 1-like,NC_052409.1,337823,339080,+,Protein_Kinases
LOC103706927,casein kinase 1-like%2C transcript variant X1,NC_052409.1,583781,591631,-,Protein_Kinases
LOC103706941,cyclin-dependent kinase inhibitor 5-like%2C transcript variant X1,NC_052409.1,779224,783419,+,Protein_Kinases
LOC103706957,ribokinase-like%2C transcript variant X1,NC_052409.1,1009308,1021382,-,Protein_Kinases
LOC103706992,putative kinase-like protein TMKL1,NC_052409.1,1491938,1494542,-,Protein_Kinases
LOC103707005,dolichol kinase EVAN-like%2C transcript variant X1,NC_052409.1,1616826,1627444,-,Protein_Kinases
LOC103707015,lysM domain receptor-like kinase 3,NC_052409.1,1753788,1755059,+,Protein_Kinases
LOC103698868,phosphatidylinositol 4-phosphate 5-kinase 9-like%2C transcript variant X3,NC_052409.1,2052950,2066730,-,Protein_Kinases
LOC103699962,cyclin-dependent protein kinase inhibitor SMR1-like,NC_052409.1,2258234,2258593,-,Protein_Kinases
LOC103723201,probable serine/threonine-protein kinase PIX13,NC_052409.1,2595595,2600081,-,Protein_Kinases
LOC103723207,probable serine/threonine-protein kinase PBL21%2C transcript variant X1,NC_052409.1,2605696,2610383,-,Protein_Kinases
LOC103723280,serine/threonine-protein kinase SRPK-like,NC_052409.1,2696025,2702607,-,Protein_Kinases
LOC103723419,calcium-dependent protein kinase 26-like,NC_052409.1,2864764,2874449,+,Protein_Kinases
LOC103723480,homoserine kinase%2C transcript variant X3,NC_052409.1,2917691,2922316,-,Protein_Kinases
LOC103723553,SNF1-related protein kinase catalytic subunit alpha KIN10%2C transcript variant X3,NC_052409.1,2965346,2973103,-,Protein_Kinases
LOC103723699,probable adenylate kinase 1%2C chloroplastic%2C transcript variant X3,NC_052409.1,3116399,3127617,-,Protein_Kinases
LOC103723877,inactive leucine-rich repeat receptor-like serine/threonine-protein kinase At1g60630,NC_052409.1,3272094,3278646,+,Protein_Kinases
LOC103723943,cold-responsive protein kinase 1-like,NC_052409.1,3356147,3362551,+,Protein_Kinases
LOC103697995,pyruvate kinase%2C cytosolic isozyme%2C transcript variant X1,NC_052409.1,3908741,3916614,-,Protein_Kinases
LOC103698398,K(+) efflux antiporter 2%2C chloroplastic%2C transcript variant X1,NC_052409.1,4323429,4344471,-,Ion_Transporters
LOC103698483,probable LRR receptor-like serine/threonine-protein kinase At1g63430,NC_052409.1,4433339,4442328,+,Protein_Kinases
LOC103698531,probable serine/threonine-protein kinase BSK3,NC_052409.1,4500194,4512041,+,Protein_Kinases
LOC103714048,probable serine/threonine-protein kinase PBL19,NC_052409.1,4657306,4664588,-,Protein_Kinases
LOC103720609,leucine-rich repeat receptor-like kinase protein FLORAL ORGAN NUMBER1,NC_052409.1,5021558,5027039,+,Protein_Kinases
LOC103720619,histidine kinase 1%2C transcript variant X1,NC_052409.1,5030459,5048874,+,Protein_Kinases
LOC103722825,adenylate kinase isoenzyme 6 homolog,NC_052409.1,5408244,5422478,-,Protein_Kinases
LOC103722900,serine/threonine-protein kinase ATR,NC_052409.1,5501682,5515959,-,Protein_Kinases
LOC103722908,serine/threonine-protein kinase STY46-like%2C transcript variant X6,NC_052409.1,5534975,5556282,+,Protein_Kinases
LOC103714028,serine/threonine-protein kinase BSK2-like,NC_052409.1,5987550,6002152,-,Protein_Kinases
LOC103697673,ribose-phosphate pyrophosphokinase 1%2C transcript variant X1,NC_052409.1,6032476,6049699,+,Protein_Kinases
LOC103714025,UMP-CMP kinase 3-like%2C transcript variant X1,NC_052409.1,6070615,6076454,-,Protein_Kinases
LOC103710736,probable receptor-like protein kinase At5g24010,NC_052409.1,6563334,6566310,-,Protein_Kinases
LOC103710737,mitogen-activated protein kinase 2-like,NC_052409.1,6602684,6612083,-,Protein_Kinases
LOC103710722,serine/threonine-protein kinase BSK1-2-like%2C transcript variant X3,NC_052409.1,7057592,7063088,+,Protein_Kinases
LOC103715816,sphingoid long-chain bases kinase 1-like,NC_052409.1,7182038,7198586,-,Protein_Kinases
LOC103715817,salt tolerance receptor-like cytoplasmic kinase 1,NC_052409.1,7226168,7227874,+,Protein_Kinases
LOC103717391,leucine-rich repeat receptor-like protein kinase TDR,NC_052409.1,7725485,7729038,+,Protein_Kinases
LOC103716339,casein kinase II subunit beta-1%2C transcript variant X3,NC_052409.1,7876726,7894523,-,Protein_Kinases
LOC103716340,casein kinase II subunit beta-1-like,NC_052409.1,7901932,7912008,-,Protein_Kinases
LOC103721746,LRR receptor-like serine/threonine-protein kinase SIK1%2C transcript variant X1,NC_052409.1,8638864,8646545,-,Protein_Kinases
LOC103721378,calcium-dependent protein kinase 26-like,NC_052409.1,8958317,8961854,+,Protein_Kinases
LOC103716707,shaggy-related protein kinase theta-like%2C transcript variant X1,NC_052409.1,9407854,9422524,+,Protein_Kinases
LOC103705427,serine/threonine-protein kinase 38-like,NW_024067666.1,282,10035,+,Protein_Kinases
LOC103705357,probable LRR receptor-like serine/threonine-protein kinase At2g16250,NW_024067666.1,920800,927753,-,Protein_Kinases
LOC103705431,hexokinase-2-like,NW_024067666.1,987526,995931,+,Protein_Kinases
LOC103705430,leucine-rich repeat receptor-like serine/threonine-protein kinase BAM1,NW_024067666.1,1001918,1005894,+,Protein_Kinases
LOC103705348,pyruvate kinase isozyme A%2C chloroplastic-like,NW_024067666.1,1058414,1064221,-,Protein_Kinases
LOC103705347,inositol-tetrakisphosphate 1-kinase 3-like%2C transcript variant X1,NW_024067666.1,1068059,1081131,+,Protein_Kinases
LOC103709232,serine/threonine-protein kinase SAPK10%2C transcript variant X1,NW_024067666.1,2490993,2501604,-,Protein_Kinases
LOC103709223,mitogen-activated protein kinase kinase kinase 5,NW_024067666.1,2599161,2618555,+,Protein_Kinases
LOC103709217,casein kinase II subunit alpha-like%2C transcript variant X2,NW_024067666.1,2667798,2680904,-,Protein_Kinases
LOC103704476,LRR receptor-like serine/threonine-protein kinase RPK2%2C transcript variant X4,NW_024067666.1,3432612,3439952,+,Protein_Kinases
LOC103704487,serine/threonine-protein kinase svkA,NW_024067666.1,3560637,3588343,+,Protein_Kinases
LOC103704501,serine/threonine-protein kinase STY13,NW_024067666.1,3758125,3763758,-,Protein_Kinases
LOC103704503,serine/threonine-protein kinase Nek2%2C transcript variant X1,NW_024067666.1,3816460,3822904,+,Protein_Kinases
LOC103704517,pyruvate kinase isozyme A%2C chloroplastic%2C transcript variant X2,NW_024067666.1,4037434,4049766,+,Protein_Kinases
LOC120104000,phosphoglycerate kinase%2C cytosolic-like,NW_024067666.1,4315558,4318820,-,Protein_Kinases
LOC103704560,calcium-dependent protein kinase 20-like,NW_024067666.1,4480267,4486854,-,Protein_Kinases
LOC103704567,guanylate kinase 1-like%2C transcript variant X2,NW_024067666.1,4538841,4543564,-,Protein_Kinases
LOC103704599,G-type lectin S-receptor-like serine/threonine-protein kinase SD3-1%2C transcript variant X2,NW_024067666.1,4572142,4578922,+,Protein_Kinases
LOC120104524,zinc finger AN1 and C2H2 domain-containing stress-associated protein 16-like%2C transcript variant X2,NW_024067666.1,4612118,4619266,+,Transcription_Factors
LOC120104554,N-acetyl-D-glucosamine kinase-like%2C transcript variant X1,NW_024067667.1,27766,38262,+,Protein_Kinases
LOC103716920,phosphatidylinositol 4-phosphate 5-kinase 6%2C transcript variant X1,NW_024067667.1,535688,541805,+,Protein_Kinases
LOC103697866,serine/threonine-protein kinase-like protein At3g51990%2C transcript variant X3,NW_024067667.1,906877,911928,+,Protein_Kinases
LOC103712337,cyclin-dependent kinase D-1-like,NW_024067667.1,2453788,2476216,+,Protein_Kinases
LOC103712344,leucine-rich repeat receptor-like serine/threonine-protein kinase At2g14510,NW_024067667.1,2663436,2694393,+,Protein_Kinases
LOC103713637,serine/threonine-protein kinase Nek5,NW_024067667.1,2835136,2846214,+,Protein_Kinases
LOC103710138,SNF1-related protein kinase regulatory subunit gamma-like PV42a,NW_024067669.1,251254,254541,-,Protein_Kinases
LOC103710141,probable receptor-like protein kinase At1g49730%2C transcript variant X2,NW_024067669.1,318948,333821,-,Protein_Kinases
LOC103710111,PTI1-like tyrosine-protein kinase At3g15890,NW_024067669.1,612497,618521,+,Protein_Kinases
LOC103710113,probable serine/threonine-protein kinase PIX7,NW_024067669.1,632504,639274,-,Protein_Kinases
LOC103710150,L-type lectin-domain containing receptor kinase IX.1-like,NW_024067669.1,774583,778305,-,Protein_Kinases
LOC103711692,cyclin-dependent kinase B2-1-like,NW_024067669.1,1601589,1604583,+,Protein_Kinases
LOC113463020,putative wall-associated receptor kinase-like 16,NW_024067669.1,1826096,1830225,+,Protein_Kinases
LOC103713459,putative wall-associated receptor kinase-like 16,NW_024067669.1,1839774,1844888,+,Protein_Kinases
LOC103713469,diacylglycerol kinase theta,NW_024067669.1,1852125,1853380,-,Protein_Kinases
LOC120104604,putative wall-associated receptor kinase-like 16,NW_024067669.1,2011600,2020270,-,Protein_Kinases
LOC113463060,putative wall-associated receptor kinase-like 16%2C transcript variant X6,NW_024067669.1,2022014,2028115,-,Protein_Kinases
LOC103711963,probable receptor-like protein kinase At2g21480,NW_024067669.1,2094973,2098070,+,Protein_Kinases
LOC103712120,probable LRR receptor-like serine/threonine-protein kinase At4g36180,NW_024067669.1,2336790,2338241,-,Protein_Kinases
LOC103712277,serine/threonine-protein kinase AFC2-like%2C transcript variant X1,NW_024067669.1,2564663,2569936,-,Protein_Kinases
LOC103721231,integrin-linked protein kinase 1,NW_024067670.1,205648,220434,-,Protein_Kinases
LOC103695944,probable serine/threonine-protein kinase SIS8%2C transcript variant X2,NW_024067670.1,1427921,1526221,-,Protein_Kinases
LOC120104645,heat stress transcription factor A-4b-like%2C transcript variant X1,NW_024067672.1,73827,76607,-,Stress_Osmoprotectants
LOC103720255,AP2-associated protein kinase 1-like%2C transcript variant X3,NW_024067673.1,406969,411481,-,Protein_Kinases
LOC103720252,G-type lectin S-receptor-like serine/threonine-protein kinase LECRK3,NW_024067673.1,455175,457856,+,Protein_Kinases
LOC103698627,G-type lectin S-receptor-like serine/threonine-protein kinase LECRK3,NW_024067673.1,494605,497278,+,Protein_Kinases
LOC103723820,serine/threonine-protein kinase SAPK2%2C transcript variant X1,NW_024067673.1,673812,680874,+,Protein_Kinases
LOC103697208,G-type lectin S-receptor-like serine/threonine-protein kinase LECRK3,NW_024067673.1,916870,919729,+,Protein_Kinases
LOC103697209,ribose-phosphate pyrophosphokinase 1-like%2C transcript variant X1,NW_024067673.1,920931,938721,-,Protein_Kinases
LOC113462014,stress response protein NST1-like%2C transcript variant X2,NW_024067673.1,1412217,1413920,-,Stress_Osmoprotectants
LOC103696643,receptor protein kinase-like protein ZAR1,NW_024067673.1,2034372,2037292,-,Protein_Kinases
LOC103723763,probable serine/threonine-protein kinase WNK9%2C transcript variant X1,NW_024067675.1,346586,350056,+,Protein_Kinases
LOC103716471,adenylyl-sulfate kinase 3,NW_024067675.1,388209,397536,+,Protein_Kinases
LOC103724293,probable leucine-rich repeat receptor-like protein kinase At1g68400,NW_024067675.1,483981,486146,+,Protein_Kinases
LOC120104695,sodium/hydrogen exchanger 2-like%2C transcript variant X1,NW_024067676.1,12993,72383,-,Ion_Transporters
LOC120104696,sodium/hydrogen exchanger 1-like%2C transcript variant X1,NW_024067676.1,87721,92192,-,Ion_Transporters
LOC120104699,sodium/hydrogen exchanger 3-like,NW_024067676.1,107529,110475,-,Ion_Transporters
LOC103717826,probable serine/threonine-protein kinase At1g54610%2C transcript variant X1,NW_024067676.1,299624,318259,+,Protein_Kinases
LOC103715106,dephospho-CoA kinase-like%2C transcript variant X5,NW_024067676.1,701785,723607,+,Protein_Kinases
LOC103715090,stress-related protein-like,NW_024067676.1,871470,872795,+,Stress_Osmoprotectants
LOC120104705,proline-rich receptor-like protein kinase PERK2%2C transcript variant X1,NW_024067676.1,1300143,1320293,+,Protein_Kinases
LOC103718094,serine/threonine-protein kinase STY13%2C transcript variant X1,NW_024067677.1,222984,231848,+,Protein_Kinases
LOC103718096,receptor kinase-like protein Xa21,NW_024067677.1,348473,356673,+,Protein_Kinases
LOC103724347,serine/threonine-protein kinase EDR1%2C transcript variant X2,NW_024067677.1,547402,577260,-,Protein_Kinases
LOC103716946,cation/H(+) antiporter 15-like,NW_024067677.1,700402,703642,-,Ion_Transporters
LOC103717805,L-type lectin-domain containing receptor kinase S.7,NW_024067677.1,1137749,1140363,+,Protein_Kinases
LOC103706191,cysteine-rich receptor-like protein kinase 10%2C transcript variant X5,NW_024067677.1,1402707,1410528,-,Protein_Kinases
LOC103721833,calcium-dependent protein kinase 17-like,NW_024067678.1,484794,513293,-,Protein_Kinases
LOC103713516,calcium-dependent protein kinase 10-like%2C transcript variant X3,NW_024067678.1,879222,889187,-,Protein_Kinases
LOC103713541,L-type lectin-domain containing receptor kinase IX.1-like,NW_024067678.1,1053202,1055398,-,Protein_Kinases
LOC103713539,protein CHLOROPLAST ENHANCING STRESS TOLERANCE%2C chloroplastic,NW_024067678.1,1424850,1439559,-,Stress_Osmoprotectants
LOC103719083,protein RICE SALT SENSITIVE 3-like,NW_024067678.1,1499074,1502252,-,Other_Signaling_Metabolism
LOC103718553,PTI1-like tyrosine-protein kinase At3g15890,NW_024067679.1,507938,509587,-,Protein_Kinases
LOC103696673,G-type lectin S-receptor-like serine/threonine-protein kinase At4g27290,NW_024067680.1,419092,424234,-,Protein_Kinases
LOC103696672,G-type lectin S-receptor-like serine/threonine-protein kinase At4g27290,NW_024067680.1,473268,477335,+,Protein_Kinases
LOC103717328,G-type lectin S-receptor-like serine/threonine-protein kinase At4g27290,NW_024067680.1,516126,519672,+,Protein_Kinases
LOC108511656,G-type lectin S-receptor-like serine/threonine-protein kinase B120,NW_024067680.1,568025,572827,-,Protein_Kinases
LOC103717321,G-type lectin S-receptor-like serine/threonine-protein kinase At1g11330%2C transcript variant X2,NW_024067680.1,615479,620038,-,Protein_Kinases
LOC103717318,universal stress protein PHOS32-like%2C transcript variant X2,NW_024067680.1,635710,665502,-,Stress_Osmoprotectants
LOC103717315,diacylglycerol kinase 5-like%2C transcript variant X1,NW_024067680.1,856961,866214,-,Protein_Kinases
LOC103713387,thymidylate kinase%2C transcript variant X4,NW_024067681.1,130007,147335,-,Protein_Kinases
LOC103704928,serine/threonine-protein kinase/endoribonuclease IRE1a%2C transcript variant X1,NW_024067681.1,1006331,1027798,-,Protein_Kinases
LOC103704957,calcium-dependent protein kinase 26-like%2C transcript variant X1,NW_024067681.1,1397418,1408026,-,Protein_Kinases
LOC103696364,G-type lectin S-receptor-like serine/threonine-protein kinase At2g19130,NW_024067682.1,1284923,1287833,+,Protein_Kinases
LOC103718701,G-type lectin S-receptor-like serine/threonine-protein kinase At2g19130,NW_024067682.1,1414823,1417490,+,Protein_Kinases
LOC103696884,G-type lectin S-receptor-like serine/threonine-protein kinase At2g19130,NW_024067682.1,1479606,1482917,+,Protein_Kinases
LOC103724143,SNF1-related protein kinase regulatory subunit gamma-1-like%2C transcript variant X1,NW_024067684.1,35372,40658,+,Protein_Kinases
LOC103715402,serine/threonine-protein kinase D6PK-like%2C transcript variant X2,NW_024067684.1,411629,417475,-,Protein_Kinases
LOC103717986,zinc finger A20 and AN1 domain-containing stress-associated protein 5,NW_024067684.1,739012,740232,+,Transcription_Factors
LOC103720079,inositol polyphosphate multikinase beta-like%2C transcript variant X2,NW_024067686.1,580451,584175,+,Protein_Kinases
LOC103699972,rust resistance kinase Lr10-like,NW_024067686.1,770523,773137,-,Protein_Kinases
LOC113462143,rust resistance kinase Lr10-like,NW_024067686.1,773596,780139,+,Protein_Kinases
LOC103697415,rust resistance kinase Lr10-like,NW_024067686.1,849329,852151,-,Protein_Kinases
LOC103697545,rust resistance kinase Lr10-like,NW_024067686.1,852164,890665,+,Protein_Kinases
LOC103697410,rust resistance kinase Lr10-like,NW_024067686.1,975575,977999,-,Protein_Kinases
LOC103697414,rust resistance kinase Lr10-like,NW_024067686.1,979904,992719,+,Protein_Kinases
LOC120103970,LEAF RUST 10 DISEASE-RESISTANCE LOCUS RECEPTOR-LIKE PROTEIN KINASE-like 1.2,NW_024067686.1,1122776,1123398,+,Protein_Kinases
LOC103713504,mitogen-activated protein kinase kinase kinase 7-like,NW_024067689.1,240880,245450,-,Protein_Kinases
LOC103713511,cation/H(+) antiporter 18-like,NW_024067689.1,655348,659488,+,Ion_Transporters
LOC103716002,calcium-dependent protein kinase 1-like,NW_024067689.1,959729,969561,+,Protein_Kinases
LOC103716031,G-type lectin S-receptor-like serine/threonine-protein kinase At5g24080,NW_024067689.1,993354,1000324,-,Protein_Kinases
LOC103715997,probable membrane-associated kinase regulator 6%2C transcript variant X2,NW_024067689.1,1014186,1016512,+,Protein_Kinases
LOC103722245,probable membrane-associated kinase regulator 2,NW_024067689.1,1315860,1317522,+,Protein_Kinases
LOC103714442,nodulation receptor kinase-like,NW_024067692.1,60760,78489,+,Protein_Kinases
LOC103722265,calcium-dependent protein kinase 20-like,NW_024067692.1,598563,604660,-,Protein_Kinases
LOC103722260,guanylate kinase 1-like%2C transcript variant X2,NW_024067692.1,799590,805241,-,Protein_Kinases
LOC103703682,G-type lectin S-receptor-like serine/threonine-protein kinase SD3-1,NW_024067692.1,1019479,1022977,+,Protein_Kinases
LOC103703698,zinc finger AN1 and C2H2 domain-containing stress-associated protein 16-like%2C transcript variant X2,NW_024067692.1,1181105,1187166,+,Transcription_Factors
LOC103696298,leucine-rich repeat receptor-like tyrosine-protein kinase PXC3,NW_024067692.1,1214362,1218192,+,Protein_Kinases
LOC103705449,lysM domain receptor-like kinase 3,NW_024067693.1,30777,32844,+,Protein_Kinases
LOC103697051,diacylglycerol kinase 1-like,NW_024067694.1,288800,294883,+,Protein_Kinases
LOC103717964,serine/threonine-protein kinase SAPK2%2C transcript variant X1,NW_024067695.1,204107,210109,-,Protein_Kinases
LOC103711011,serine/threonine-protein kinase PEPKR2%2C transcript variant X1,NW_024067695.1,572750,584101,+,Protein_Kinases
LOC103697696,heat stress transcription factor A-1-like,NW_024067697.1,761686,785295,+,Stress_Osmoprotectants
LOC120104909,putative leucine-rich repeat receptor-like serine/threonine-protein kinase At2g19230,NW_024067697.1,1204042,1218786,+,Protein_Kinases
LOC103722382,sodium/hydrogen exchanger 6-like%2C transcript variant X6,NW_024067698.1,269514,282171,+,Ion_Transporters
LOC120104943,pyruvate kinase%2C cytosolic isozyme-like,NW_024067699.1,448438,456429,-,Protein_Kinases
LOC103695457,hexokinase-3-like%2C transcript variant X1,NW_024067700.1,829614,841991,-,Protein_Kinases
LOC120103985,CBL-interacting protein kinase 9-like,NW_024067707.1,2547,12025,-,Protein_Kinases
LOC103705309,adenylyl-sulfate kinase 3-like%2C transcript variant X2,NW_024067713.1,884083,892053,-,Protein_Kinases
LOC103698725,lysosomal beta glucosidase-like,NW_024067715.1,404659,406030,+,Other_Signaling_Metabolism
LOC103696066,mitogen-activated protein kinase kinase kinase 9-like%2C transcript variant X4,NW_024067715.1,763556,837134,-,Protein_Kinases
LOC103721267,LRR receptor-like serine/threonine-protein kinase EFR,NW_024067716.1,617170,620918,+,Protein_Kinases
LOC103721192,LRR receptor kinase BAK1-like,NW_024067717.1,134224,149383,+,Protein_Kinases
LOC103721193,protein ACTIVITY OF BC1 COMPLEX KINASE 8%2C chloroplastic%2C transcript variant X2,NW_024067717.1,151694,168568,-,Protein_Kinases
LOC103721205,probable inactive receptor kinase At5g10020,NW_024067717.1,191601,198254,+,Protein_Kinases
LOC103721057,protein SODIUM POTASSIUM ROOT DEFECTIVE 1-like,NW_024067717.1,714215,715858,+,Ion_Transporters
LOC103720324,probable inactive receptor kinase At2g26730,NW_024067717.1,887229,889078,+,Protein_Kinases
LOC120105105,probable histidine kinase 2,NW_024067718.1,21201,25263,-,Protein_Kinases
LOC120105110,histidine kinase CKI1-like,NW_024067718.1,25246,27064,-,Protein_Kinases
LOC103712309,probable histidine kinase 2,NW_024067718.1,55981,60734,-,Protein_Kinases
LOC103698608,phosphatidylinositol 4-phosphate 5-kinase 5-like%2C transcript variant X2,NW_024067719.1,528657,532024,+,Protein_Kinases
LOC103712044,LRR receptor-like serine/threonine-protein kinase FEI 1,NW_024067722.1,321389,325228,-,Protein_Kinases
LOC103712050,calcium-dependent protein kinase 10-like%2C transcript variant X1,NW_024067722.1,387309,396424,+,Protein_Kinases
LOC103719065,sodium/hydrogen exchanger 4,NW_024067723.1,187687,198782,+,Ion_Transporters
LOC103720333,serine/threonine-protein kinase Nek6-like%2C transcript variant X1,NW_024067723.1,648958,657464,-,Protein_Kinases
LOC103704777,zinc finger A20 and AN1 domain-containing stress-associated protein 8-like,NW_024067723.1,698183,700444,-,Transcription_Factors
LOC103717743,probably inactive leucine-rich repeat receptor-like protein kinase At5g06940,NW_024067723.1,731439,735473,+,Protein_Kinases
LOC103696655,zinc finger A20 and AN1 domain-containing stress-associated protein 1-like,NW_024067723.1,762381,763154,+,Transcription_Factors
LOC103696656,serine/threonine-protein kinase UCN-like,NW_024067723.1,778959,780898,+,Protein_Kinases
LOC103721779,UPF0664 stress-induced protein C29B12.11c,NW_024067725.1,680590,685635,-,Stress_Osmoprotectants
LOC103697014,probably inactive leucine-rich repeat receptor-like protein kinase At3g28040,NW_024067728.1,269944,273565,+,Protein_Kinases
LOC103697436,probable sodium/metabolite cotransporter BASS3%2C chloroplastic,NW_024067732.1,646346,654284,+,Ion_Transporters
LOC103718369,casein kinase 1-like protein HD16%2C transcript variant X2,NW_024067734.1,501479,526825,-,Protein_Kinases
LOC103700761,zinc finger A20 and AN1 domain-containing stress-associated protein 9-like%2C transcript variant X1,NW_024067734.1,720443,722157,+,Transcription_Factors
LOC120105213,zinc finger A20 and AN1 domain-containing stress-associated protein 9-like,NW_024067734.1,724711,726445,+,Transcription_Factors
LOC120105214,zinc finger A20 and AN1 domain-containing stress-associated protein 9-like%2C transcript variant X2,NW_024067734.1,765466,767574,+,Transcription_Factors
LOC120105220,zinc finger A20 and AN1 domain-containing stress-associated protein 11-like,NW_024067736.1,22282,23098,+,Transcription_Factors
LOC103711375,serine/threonine-protein kinase UCN-like,NW_024067736.1,52093,54052,+,Protein_Kinases
LOC103711381,receptor protein kinase-like protein ZAR1,NW_024067736.1,120433,123181,+,Protein_Kinases
LOC103696901,replication stress response regulator SDE2,NW_024067736.1,678074,683283,+,Stress_Osmoprotectants
LOC103720548,serine/threonine-protein kinase tricornered-like%2C transcript variant X2,NW_024067737.1,589098,602264,+,Protein_Kinases
LOC120105251,heat stress transcription factor A-3-like%2C transcript variant X1,NW_024067738.1,213749,216536,-,Stress_Osmoprotectants
LOC103698625,calcium-dependent protein kinase 27-like%2C transcript variant X2,NW_024067738.1,522648,528234,+,Protein_Kinases
LOC103718031,rust resistance kinase Lr10-like,NW_024067738.1,532383,533640,-,Protein_Kinases
LOC103696942,rust resistance kinase Lr10-like,NW_024067738.1,577490,578768,+,Protein_Kinases
LOC103696941,rust resistance kinase Lr10-like,NW_024067738.1,582101,582466,-,Protein_Kinases
LOC103717114,probable receptor-like serine/threonine-protein kinase At5g57670,NW_024067738.1,627802,631441,-,Protein_Kinases
LOC103720897,serine/threonine-protein kinase STY13,NW_024067740.1,432302,437117,+,Protein_Kinases
LOC108510782,inositol hexakisphosphate and diphosphoinositol-pentakisphosphate kinase VIP2-like%2C transcript variant X2,NW_024067742.1,250141,252359,-,Protein_Kinases
LOC103697645,MOB kinase activator-like 1A%2C transcript variant X1,NW_024067746.1,198995,217440,-,Protein_Kinases
LOC103698810,cyclin-dependent kinase F-4-like%2C transcript variant X5,NW_024067746.1,346783,357921,-,Protein_Kinases
LOC103718911,adenylate kinase isoenzyme 6 homolog,NW_024067747.1,480066,481966,-,Protein_Kinases
LOC103701060,serine/threonine-protein kinase STY46-like%2C transcript variant X1,NW_024067747.1,625261,648049,+,Protein_Kinases
LOC120105304,cyclin-dependent kinase B2-1-like,NW_024067748.1,12547,15652,-,Protein_Kinases
LOC103705178,ribose-phosphate pyrophosphokinase 4%2C transcript variant X2,NW_024067748.1,72703,81159,+,Protein_Kinases
LOC120105322,heat stress transcription factor C-1b-like,NW_024067750.1,391268,392809,+,Stress_Osmoprotectants
LOC103717330,alpha-glucan water dikinase 2%2C transcript variant X1,NW_024067752.1,10148,37263,-,Protein_Kinases
LOC103717354,probable inactive receptor kinase RLK902,NW_024067752.1,123853,127016,-,Protein_Kinases
LOC108511658,receptor-like kinase TMK4,NW_024067752.1,144912,149034,-,Protein_Kinases
LOC103715042,putative 1-phosphatidylinositol-3-phosphate 5-kinase FAB1C%2C transcript variant X2,NW_024067752.1,609438,627646,-,Protein_Kinases
LOC103723955,heat stress transcription factor A-5-like,NW_024067753.1,509244,511290,-,Stress_Osmoprotectants
LOC103722426,sodium/hydrogen exchanger 6-like%2C transcript variant X1,NW_024067754.1,235738,251392,-,Ion_Transporters
LOC103724369,probable LRR receptor-like serine/threonine-protein kinase At1g63430,NW_024067759.1,765323,785136,-,Protein_Kinases
LOC120103815,probable serine/threonine-protein kinase PBL21%2C transcript variant X2,NW_024067760.1,72790,88466,-,Protein_Kinases
LOC103717163,adenylate kinase%2C chloroplastic-like%2C transcript variant X2,NW_024067760.1,657118,663996,+,Protein_Kinases
LOC103719127,probable histidine kinase 3%2C transcript variant X2,NW_024067762.1,225348,233648,+,Protein_Kinases
LOC103704645,serine/threonine-protein kinase TIO%2C transcript variant X1,NW_024067767.1,155886,172846,-,Protein_Kinases
LOC120105443,probable serine/threonine-protein kinase PBL8%2C transcript variant X3,NW_024067768.1,525196,530183,+,Protein_Kinases
LOC103701113,probable sodium/metabolite cotransporter BASS5%2C chloroplastic,NW_024067770.1,145395,153709,-,Ion_Transporters
LOC103700365,G-type lectin S-receptor-like serine/threonine-protein kinase At2g19130,NW_024067773.1,404060,407765,-,Protein_Kinases
LOC103700056,G-type lectin S-receptor-like serine/threonine-protein kinase At2g19130,NW_024067773.1,421517,424455,-,Protein_Kinases
LOC120105477,cyclin-dependent kinase inhibitor 1-like,NW_024067773.1,565550,566826,-,Protein_Kinases
LOC103720467,histidine kinase 1-like,NW_024067775.1,128487,149465,-,Protein_Kinases
LOC103720466,leucine-rich repeat receptor-like kinase protein FLORAL ORGAN NUMBER1,NW_024067775.1,163602,167566,-,Protein_Kinases
LOC103706360,probable serine/threonine-protein kinase PBL19,NW_024067775.1,579851,589702,+,Protein_Kinases
LOC103697956,G-type lectin S-receptor-like serine/threonine-protein kinase LECRK2,NW_024067776.1,184320,187325,-,Protein_Kinases
LOC103711259,LRR receptor-like serine/threonine-protein kinase GSO1%2C transcript variant X1,NW_024067778.1,92783,97216,+,Protein_Kinases
LOC103719717,L-type lectin-domain containing receptor kinase SIT2-like,NW_024067782.1,227744,230678,-,Protein_Kinases
LOC103723343,calcium-dependent protein kinase 26-like,NW_024067783.1,566585,570345,+,Protein_Kinases
LOC103712474,wall-associated receptor kinase-like 20,NW_024067786.1,281225,282063,-,Protein_Kinases
LOC103712318,serine/threonine-protein kinase EDR1-like,NW_024067788.1,83201,113561,+,Protein_Kinases
LOC120103705,serine/threonine-protein kinase D6PK-like%2C transcript variant X1,NW_024067789.1,48834,64800,+,Protein_Kinases
LOC103701190,serine/threonine-protein kinase BLUS1-like,NW_024067792.1,25953,45803,+,Protein_Kinases
LOC120105624,probable LRR receptor-like serine/threonine-protein kinase At2g23950,NW_024067792.1,58718,63521,-,Protein_Kinases
LOC103697992,LRR receptor-like serine/threonine-protein kinase FLS2,NW_024067794.1,56657,61047,-,Protein_Kinases
LOC103719386,cold-responsive protein kinase 1-like%2C transcript variant X5,NW_024067794.1,326360,352318,-,Protein_Kinases
LOC103713827,probable receptor-like protein kinase At1g30570%2C transcript variant X7,NW_024067794.1,498197,505717,-,Protein_Kinases
LOC103713830,N-acetyl-D-glucosamine kinase-like,NW_024067794.1,535917,566836,+,Protein_Kinases
LOC103718986,probable fructokinase-1,NW_024067802.1,147138,159652,+,Protein_Kinases
LOC103716149,uridine kinase-like protein 1%2C chloroplastic,NW_024067804.1,169012,185803,+,Protein_Kinases
LOC103708143,stress response protein NST1-like%2C transcript variant X3,NW_024067804.1,333342,336441,-,Stress_Osmoprotectants
LOC103723304,receptor-like protein kinase 2,NW_024067805.1,351316,355333,+,Protein_Kinases
LOC103696353,thymidine kinase-like,NW_024067808.1,385551,391235,-,Protein_Kinases
LOC103717399,LRR receptor kinase SERK2,NW_024067810.1,367427,370911,-,Protein_Kinases
LOC120105738,leucine-rich repeat receptor-like protein kinase TDR,NW_024067810.1,500859,504281,-,Protein_Kinases
LOC103720270,heat stress transcription factor B-1-like,NW_024067811.1,72369,75178,+,Stress_Osmoprotectants
LOC103718667,cyclin-dependent kinase inhibitor 1-like,NW_024067815.1,146395,147676,+,Protein_Kinases
LOC120105752,BRI1 kinase inhibitor 1-like,NW_024067815.1,394848,396080,+,Protein_Kinases
LOC120105768,probable LRR receptor-like serine/threonine-protein kinase At1g53440,NW_024067820.1,140716,156092,+,Protein_Kinases
LOC103703636,putative GTP diphosphokinase RSH1%2C chloroplastic,NW_024067820.1,321385,340437,+,Protein_Kinases
LOC120105806,stress-response A/B barrel domain-containing protein HS1-like,NW_024067823.1,433604,434451,-,Stress_Osmoprotectants
LOC103699816,chitin elicitor receptor kinase 1-like,NW_024067824.1,290628,294476,-,Protein_Kinases
LOC103697758,calcium/calmodulin-dependent serine/threonine-protein kinase 1-like,NW_024067830.1,120313,142274,-,Protein_Kinases
LOC120105881,receptor protein kinase TMK1-like,NW_024067834.1,7,3756,-,Protein_Kinases
LOC103703874,calcium-dependent protein kinase 18-like%2C transcript variant X2,NW_024067834.1,114095,126157,-,Protein_Kinases
LOC120105899,stress-associated endoplasmic reticulum protein 2-like,NW_024067836.1,211904,215750,+,Stress_Osmoprotectants
LOC103698225,cysteine-rich receptor-like protein kinase 6%2C transcript variant X2,NW_024067836.1,398568,402075,-,Protein_Kinases
LOC103702882,receptor-like serine/threonine-protein kinase ALE2%2C transcript variant X1,NW_024067838.1,11226,20396,+,Protein_Kinases
LOC120105910,receptor-like serine/threonine-protein kinase At2g45590,NW_024067838.1,232983,236343,+,Protein_Kinases
LOC103718483,sphingoid long-chain bases kinase 2%2C mitochondrial%2C transcript variant X2,NW_024067841.1,50144,59447,+,Protein_Kinases
LOC103718485,probable serine/threonine-protein kinase At1g01540,NW_024067841.1,67548,72142,+,Protein_Kinases
LOC103718496,CBL-interacting protein kinase 9%2C transcript variant X1,NW_024067841.1,394905,404348,-,Protein_Kinases
LOC103722714,D-glycerate 3-kinase%2C chloroplastic,NW_024067844.1,435321,439544,-,Protein_Kinases
LOC103714629,mitogen-activated protein kinase kinase 4-like,NW_024067850.1,3617,5290,+,Protein_Kinases
LOC120105994,cold-responsive protein kinase 1-like%2C transcript variant X2,NW_024067856.1,427843,431624,+,Protein_Kinases
LOC103698533,serine/threonine-protein kinase BLUS1,NW_024067864.1,125295,127121,+,Protein_Kinases
LOC120106016,probable leucine-rich repeat receptor-like protein kinase At1g35710,NW_024067868.1,8033,15627,-,Protein_Kinases
LOC103717952,probable leucine-rich repeat receptor-like protein kinase At1g35710,NW_024067868.1,135397,139222,-,Protein_Kinases
LOC103721575,MDIS1-interacting receptor like kinase 2-like,NW_024067868.1,326602,329565,-,Protein_Kinases
LOC120106024,probable leucine-rich repeat receptor-like protein kinase At1g35710,NW_024067868.1,329530,330793,-,Protein_Kinases
LOC103721576,probable leucine-rich repeat receptor-like protein kinase At1g35710,NW_024067868.1,361364,365588,-,Protein_Kinases
LOC103716659,cyclin-dependent kinase F-4-like%2C transcript variant X3,NW_024067872.1,149518,168430,+,Protein_Kinases
LOC103698254,uncharacterized sugar kinase YeiI%2C transcript variant X3,NW_024067878.1,288452,297205,-,Protein_Kinases
LOC120106072,SRSF protein kinase 2-like,NW_024067879.1,430762,432006,-,Protein_Kinases
LOC120106092,G-type lectin S-receptor-like serine/threonine-protein kinase LECRK2,NW_024067884.1,386813,389221,-,Protein_Kinases
LOC103716834,calcium-dependent protein kinase 10,NW_024067885.1,126332,134702,-,Protein_Kinases
LOC103711620,calcium-dependent protein kinase 20-like,NW_024067888.1,33368,43046,-,Protein_Kinases
LOC103711153,probable histidine kinase 4,NW_024067889.1,18996,36428,-,Protein_Kinases
LOC103711154,receptor protein kinase TMK1-like,NW_024067889.1,46178,50398,+,Protein_Kinases
LOC103695544,calcium-dependent protein kinase 17-like%2C transcript variant X1,NW_024067896.1,95312,132344,+,Protein_Kinases
LOC103719355,probable LRR receptor-like serine/threonine-protein kinase At1g56140%2C transcript variant X1,NW_024067899.1,315188,336810,+,Protein_Kinases
LOC120106158,D-glycerate 3-kinase%2C chloroplastic-like,NW_024067901.1,137367,142508,-,Protein_Kinases
LOC120106160,probable LRR receptor-like serine/threonine-protein kinase At1g56140%2C transcript variant X1,NW_024067902.1,182654,221103,-,Protein_Kinases
LOC103709375,probable inactive receptor kinase At5g67200,NW_024067909.1,81229,93849,-,Protein_Kinases
LOC120106206,probable receptor-like protein kinase At1g80640%2C transcript variant X2,NW_024067910.1,134066,137527,+,Protein_Kinases
LOC103722410,protein NSP-INTERACTING KINASE 1-like%2C transcript variant X3,NW_024067912.1,88590,93380,+,Protein_Kinases
LOC103717717,probable serine/threonine-protein kinase DDB_G0291350%2C transcript variant X1,NW_024067912.1,128542,138478,+,Protein_Kinases
LOC120106239,probable serine/threonine-protein kinase PBL3,NW_024067915.1,148106,157074,+,Protein_Kinases
LOC103723825,serine/threonine-protein kinase-like protein At5g23170%2C transcript variant X1,NW_024067915.1,241802,243623,-,Protein_Kinases
LOC103707679,probable receptor-like protein kinase At2g47060,NW_024067919.1,409,2202,+,Protein_Kinases
LOC103707682,probable GTP diphosphokinase CRSH1%2C chloroplastic,NW_024067919.1,100488,112976,+,Protein_Kinases
LOC103707688,pyruvate dehydrogenase (acetyl-transferring) kinase%2C mitochondrial-like,NW_024067919.1,250603,263568,-,Protein_Kinases
LOC103707695,serine/threonine-protein kinase haspin homolog%2C transcript variant X2,NW_024067919.1,325866,339246,-,Protein_Kinases
LOC120106248,L-type lectin-domain containing receptor kinase SIT2-like,NW_024067920.1,142221,144504,-,Protein_Kinases
LOC103715728,L-type lectin-domain containing receptor kinase SIT2-like,NW_024067920.1,169390,171716,-,Protein_Kinases
LOC120106249,L-type lectin-domain containing receptor kinase SIT2-like,NW_024067920.1,189958,192251,-,Protein_Kinases
LOC120106271,putative receptor-like protein kinase At4g00960,NW_024067925.1,140452,155711,-,Protein_Kinases
LOC113461803,cysteine-rich receptor-like protein kinase 6%2C transcript variant X1,NW_024067925.1,191080,200774,-,Protein_Kinases
LOC103714842,cysteine-rich receptor-like protein kinase 6,NW_024067925.1,314525,337109,-,Protein_Kinases
LOC103696272,probable histidine kinase 5,NW_024067926.1,217339,244020,-,Protein_Kinases
LOC103716232,PTI1-like tyrosine-protein kinase 1%2C transcript variant X1,NW_024067936.1,180897,189910,+,Protein_Kinases
LOC103699132,receptor kinase-like protein Xa21,NW_024067937.1,188810,192561,-,Protein_Kinases
LOC103702739,3-phosphoinositide-dependent protein kinase 2-like%2C transcript variant X1,NW_024067938.1,284752,296076,+,Protein_Kinases
LOC103713280,calcium/calmodulin-dependent serine/threonine-protein kinase 1-like,NW_024067946.1,193206,205125,-,Protein_Kinases
LOC103710024,mitogen-activated protein kinase kinase kinase NPK1-like,NW_024067953.1,283292,301943,-,Protein_Kinases
LOC120106512,cAMP-dependent protein kinase regulatory subunit-like,NW_024067959.1,324427,339847,+,Protein_Kinases
LOC103723806,serine/threonine-protein kinase STY13,NW_024067964.1,183617,190684,-,Protein_Kinases
LOC120106531,calcium-dependent protein kinase 29-like%2C transcript variant X2,NW_024067966.1,17375,24298,+,Protein_Kinases
LOC120106543,L-type lectin-domain containing receptor kinase IV.2-like,NW_024067968.1,82014,84545,-,Protein_Kinases
LOC120106544,L-type lectin-domain containing receptor kinase IV.2-like,NW_024067968.1,118250,120473,-,Protein_Kinases
LOC120106545,L-type lectin-domain containing receptor kinase SIT2-like,NW_024067968.1,125496,127826,-,Protein_Kinases
LOC103699192,L-type lectin-domain containing receptor kinase SIT2-like,NW_024067968.1,141065,143532,-,Protein_Kinases
LOC103720920,L-type lectin-domain containing receptor kinase SIT2-like%2C transcript variant X1,NW_024067968.1,206554,208754,-,Protein_Kinases
LOC103719929,probable fructokinase-6%2C chloroplastic%2C transcript variant X1,NW_024067972.1,98384,117667,+,Protein_Kinases
LOC120106591,stress response protein NST1-like,NW_024067979.1,159269,160414,+,Stress_Osmoprotectants
LOC103699917,probable leucine-rich repeat receptor-like protein kinase At1g35710,NW_024067980.1,28238,31380,+,Protein_Kinases
LOC120106609,probable leucine-rich repeat receptor-like protein kinase At5g63930,NW_024067980.1,72099,77890,+,Protein_Kinases
LOC103707848,guanylate kinase 1-like%2C transcript variant X1,NW_024067988.1,253293,257409,+,Protein_Kinases
LOC103716154,serine/threonine-protein kinase RIO1-like,NW_024067998.1,136183,145193,-,Protein_Kinases
LOC120106711,tau-tubulin kinase 1-like,NW_024068005.1,74869,76298,+,Protein_Kinases
LOC113461818,probable leucine-rich repeat receptor-like protein kinase At1g35710,NW_024068011.1,7719,12737,-,Protein_Kinases
LOC103700099,probable leucine-rich repeat receptor-like protein kinase At1g35710,NW_024068011.1,190563,208529,-,Protein_Kinases
LOC103721269,protein PHYTOCHROME KINASE SUBSTRATE 4-like,NW_024068021.1,168610,170914,-,Protein_Kinases
LOC120106812,proline-rich receptor-like protein kinase PERK2,NW_024068037.1,10834,11344,-,Protein_Kinases
LOC120106870,diacylglycerol kinase 7-like,NW_024068057.1,96051,136547,-,Protein_Kinases
LOC120106911,LRR receptor-like serine/threonine-protein kinase FEI 1,NW_024068068.1,26662,27544,+,Protein_Kinases
LOC120106928,protein PHYTOCHROME KINASE SUBSTRATE 4-like,NW_024068076.1,204795,207302,-,Protein_Kinases
LOC103724205,probable inactive receptor kinase At2g26730,NW_024068077.1,111350,115272,-,Protein_Kinases
LOC103720679,LEAF RUST 10 DISEASE-RESISTANCE LOCUS RECEPTOR-LIKE PROTEIN KINASE-like 1.5%2C transcript variant X1,NW_024068086.1,217709,219378,-,Protein_Kinases
LOC120106976,proline-rich receptor-like protein kinase PERK2,NW_024068094.1,91549,96391,+,Protein_Kinases
LOC103722906,MAPK kinase substrate protein At1g80180,NW_024068096.1,120137,120591,+,Protein_Kinases
LOC120107000,leucine-rich repeat receptor-like tyrosine-protein kinase PXC3,NW_024068100.1,21392,24889,+,Protein_Kinases
LOC103717647,probable serine/threonine-protein kinase WNK1,NW_024068118.1,19660,23148,-,Protein_Kinases
LOC103699281,serine/threonine receptor-like kinase NFP,NW_024068122.1,156921,160490,+,Protein_Kinases
LOC103722509,cysteine-rich receptor-like protein kinase 6,NW_024068131.1,157206,167057,+,Protein_Kinases
LOC103710840,zinc finger A20 and AN1 domain-containing stress-associated protein 6-like,NW_024068138.1,21141,22197,-,Transcription_Factors
LOC103696970,brassinosteroid LRR receptor kinase BRI1-like,NW_024068138.1,85491,89227,-,Protein_Kinases
LOC103699648,rust resistance kinase Lr10-like%2C transcript variant X2,NW_024068143.1,106696,111811,-,Protein_Kinases
LOC120107149,LRR receptor kinase SERK2-like,NW_024068147.1,21970,25876,+,Protein_Kinases
LOC120107158,cyclin-dependent kinase E-1-like,NW_024068148.1,49146,88050,+,Protein_Kinases
LOC103696976,protein SODIUM POTASSIUM ROOT DEFECTIVE 2-like,NW_024068151.1,190479,192929,-,Ion_Transporters
LOC103696653,cation/H(+) antiporter 19-like,NW_024068153.1,50821,56158,-,Ion_Transporters
LOC120107188,stress response protein NST1-like,NW_024068157.1,37119,38289,-,Stress_Osmoprotectants
LOC120107189,stress response protein NST1-like,NW_024068157.1,65757,66927,-,Stress_Osmoprotectants
LOC103707531,mitogen-activated protein kinase homolog MMK2,NW_024068157.1,80555,94454,-,Protein_Kinases
LOC120107192,sphingoid long-chain bases kinase 2%2C mitochondrial-like%2C transcript variant X2,NW_024068157.1,161577,170881,+,Protein_Kinases
LOC120107194,probable serine/threonine-protein kinase At1g01540,NW_024068157.1,179935,183807,+,Protein_Kinases
LOC103717007,leucine-rich repeat receptor-like serine/threonine/tyrosine-protein kinase SOBIR1,NW_024068162.1,66514,69340,-,Protein_Kinases
LOC120103793,leucine-rich repeat receptor-like serine/threonine/tyrosine-protein kinase SOBIR1,NW_024068162.1,78656,80877,-,Protein_Kinases
LOC103709979,leucine-rich repeat receptor-like serine/threonine/tyrosine-protein kinase SOBIR1,NW_024068162.1,81475,83067,+,Protein_Kinases
LOC103695480,serine/threonine-protein kinase CTR1%2C transcript variant X7,NW_024068170.1,16664,72042,+,Protein_Kinases
LOC120107241,protein NSP-INTERACTING KINASE 3-like%2C transcript variant X2,NW_024068171.1,97705,114432,+,Protein_Kinases
LOC120107237,cysteine-rich receptor-like protein kinase 3,NW_024068171.1,152382,161228,-,Protein_Kinases
LOC120107246,zinc finger A20 and AN1 domain-containing stress-associated protein 1-like%2C transcript variant X3,NW_024068172.1,20433,21293,-,Transcription_Factors
LOC120103879,alpha-glucan water dikinase 2-like%2C transcript variant X2,NW_024068172.1,202962,219558,-,Protein_Kinases
LOC108511747,L-type lectin-domain containing receptor kinase SIT1-like,NW_024068174.1,30457,35206,+,Protein_Kinases
LOC103720112,SRSF protein kinase 2-like%2C transcript variant X7,NW_024068174.1,114039,126572,-,Protein_Kinases
LOC103703848,cyclin-dependent kinase E-1-like,NW_024068175.1,171800,210901,+,Protein_Kinases
LOC120107283,SNF1-related protein kinase regulatory subunit beta-1-like,NW_024068183.1,13207,14754,+,Protein_Kinases
LOC103707307,bifunctional riboflavin kinase/FMN phosphatase-like%2C transcript variant X2,NW_024068189.1,33143,39553,-,Protein_Kinases
LOC103708937,dual specificity protein kinase splB-like%2C transcript variant X2,NW_024068191.1,109719,120656,-,Protein_Kinases
LOC103703658,probable receptor-like protein kinase At1g80640,NW_024068195.1,8828,13459,-,Protein_Kinases
LOC103710547,LRR receptor kinase SERK2-like,NW_024068205.1,47945,51992,-,Protein_Kinases
LOC103720243,tau-tubulin kinase 1-like,NW_024068208.1,159067,160550,-,Protein_Kinases
LOC103713307,probable L-type lectin-domain containing receptor kinase S.7,NW_024068212.1,129973,132339,+,Protein_Kinases
LOC103698021,calcium-dependent protein kinase 26%2C transcript variant X2,NW_024068219.1,103646,131863,-,Protein_Kinases
LOC103711416,probable LRR receptor-like serine/threonine-protein kinase At1g53430,NW_024068224.1,30566,45562,+,Protein_Kinases
LOC120103988,pantothenate kinase 1-like,NW_024068236.1,614,25199,-,Protein_Kinases
LOC120107504,putative wall-associated receptor kinase-like 16%2C transcript variant X2,NW_024068246.1,30273,35869,+,Protein_Kinases
LOC103713485,putative wall-associated receptor kinase-like 16,NW_024068246.1,39956,44888,+,Protein_Kinases
LOC120107509,probable serine/threonine-protein kinase At1g01540,NW_024068247.1,144984,149620,+,Protein_Kinases
LOC120107519,probable serine/threonine-protein kinase At1g54610,NW_024068248.1,21881,22517,+,Protein_Kinases
LOC120107530,calcium-dependent protein kinase 28-like%2C transcript variant X1,NW_024068255.1,11,5162,-,Protein_Kinases
LOC103720754,adenylyl-sulfate kinase 3-like,NW_024068260.1,161910,168861,+,Protein_Kinases
LOC103724181,protein NSP-INTERACTING KINASE 3-like%2C transcript variant X2,NW_024068262.1,59395,66628,+,Protein_Kinases
LOC103703802,cysteine-rich receptor-like protein kinase 3,NW_024068262.1,107130,115812,-,Protein_Kinases
LOC120103775,shaggy-related protein kinase alpha-like%2C transcript variant X2,NW_024068265.1,141155,149811,-,Protein_Kinases
LOC103722203,probable serine/threonine-protein kinase PBL16,NW_024068273.1,17731,30926,+,Protein_Kinases
LOC120107592,chitin elicitor receptor kinase 1-like,NW_024068274.1,59085,62937,+,Protein_Kinases
LOC103720305,G-type lectin S-receptor-like serine/threonine-protein kinase At5g35370,NW_024068284.1,42269,45314,+,Protein_Kinases
LOC120107611,phosphatidylinositol 4-phosphate 5-kinase 5-like,NW_024068284.1,165885,167909,-,Protein_Kinases
LOC120107628,leucine-rich repeat receptor-like serine/threonine/tyrosine-protein kinase SOBIR1,NW_024068289.1,43627,44924,-,Protein_Kinases
LOC103709938,leucine-rich repeat receptor-like serine/threonine/tyrosine-protein kinase SOBIR1,NW_024068289.1,44923,47955,+,Protein_Kinases
LOC120107623,leucine-rich repeat receptor-like serine/threonine/tyrosine-protein kinase SOBIR1,NW_024068289.1,57420,60029,+,Protein_Kinases
LOC103710725,G-type lectin S-receptor-like serine/threonine-protein kinase At2g19130,NW_024068290.1,7572,14854,+,Protein_Kinases
LOC103699904,G-type lectin S-receptor-like serine/threonine-protein kinase At2g19130%2C transcript variant X1,NW_024068290.1,20657,36026,+,Protein_Kinases
LOC103696048,G-type lectin S-receptor-like serine/threonine-protein kinase At2g19130,NW_024068290.1,88774,91625,+,Protein_Kinases
LOC103714797,pyruvate kinase%2C cytosolic isozyme,NW_024068303.1,88359,96480,+,Protein_Kinases
LOC120107694,stress-response A/B barrel domain-containing protein At5g22580-like,NW_024068320.1,116013,117651,-,Stress_Osmoprotectants
LOC103719130,kinase-interacting family protein-like,NW_024068324.1,124392,127655,-,Protein_Kinases
LOC103695656,diacylglycerol kinase 1-like%2C transcript variant X1,NW_024068334.1,12500,29428,-,Protein_Kinases
LOC120103722,wall-associated receptor kinase 3-like,NW_024068366.1,103206,106042,+,Protein_Kinases
LOC103696310,wall-associated receptor kinase 3-like,NW_024068366.1,123334,126184,+,Protein_Kinases
LOC120107771,wall-associated receptor kinase 5-like,NW_024068366.1,143476,149035,+,Protein_Kinases
LOC120103778,heat stress transcription factor A-3-like,NW_024068381.1,41929,47860,-,Stress_Osmoprotectants
LOC120107809,stress-response A/B barrel domain-containing protein At5g22580-like,NW_024068381.1,102068,104248,-,Stress_Osmoprotectants
LOC103721296,phosphatidylinositol 4-kinase gamma 7-like%2C transcript variant X2,NW_024068388.1,90678,95190,+,Protein_Kinases
LOC103716119,cyclin-dependent kinase C-2%2C transcript variant X2,NW_024068407.1,136174,144963,-,Protein_Kinases
LOC103708717,serine/threonine-protein kinase D6PK-like%2C transcript variant X3,NW_024068410.1,132965,149166,-,Protein_Kinases
LOC103702887,bifunctional riboflavin kinase/FMN phosphatase-like,NW_024068420.1,96110,102529,-,Protein_Kinases
LOC120107924,dephospho-CoA kinase-like%2C transcript variant X2,NW_024068428.1,70567,77423,+,Protein_Kinases
LOC103715708,xylulose kinase 2%2C transcript variant X2,NW_024068428.1,124541,132466,+,Protein_Kinases
LOC120103777,uncharacterized sugar kinase YeiI-like%2C transcript variant X1,NW_024068429.1,63700,76729,+,Protein_Kinases
LOC103713177,phosphoglycerate kinase 3%2C cytosolic,NW_024068432.1,19917,24872,-,Protein_Kinases
LOC120107988,L-type lectin-domain containing receptor kinase SIT2-like,NW_024068451.1,86755,88977,-,Protein_Kinases
LOC120107987,L-type lectin-domain containing receptor kinase SIT2-like,NW_024068451.1,90562,92941,-,Protein_Kinases
LOC103698451,SNF1-related protein kinase regulatory subunit beta-1-like%2C transcript variant X1,NW_024068459.1,31464,33071,-,Protein_Kinases
LOC120108007,cyclin-dependent kinase F-4-like,NW_024068465.1,141126,142282,+,Protein_Kinases
LOC103696686,probable serine/threonine-protein kinase PBL3,NW_024068474.1,13522,22906,+,Protein_Kinases
LOC120108027,serine/threonine-protein kinase-like protein At5g23170%2C transcript variant X1,NW_024068474.1,115130,116992,-,Protein_Kinases
LOC103718450,SRSF protein kinase 2-like,NW_024068495.1,100046,118689,+,Protein_Kinases
LOC103724149,receptor kinase-like protein Xa21%2C transcript variant X1,NW_024068498.1,17223,21131,+,Protein_Kinases
LOC120108073,receptor kinase-like protein Xa21,NW_024068498.1,49087,52931,+,Protein_Kinases
LOC120108124,probable serine/threonine-protein kinase PIX13,NW_024068523.1,7867,8781,+,Protein_Kinases
LOC120108123,probable serine/threonine-protein kinase PIX13,NW_024068523.1,9539,11448,+,Protein_Kinases
LOC103699855,MDIS1-interacting receptor like kinase 2-like%2C transcript variant X1,NW_024068537.1,7172,14940,+,Protein_Kinases
LOC113463447,probable leucine-rich repeat receptor-like protein kinase At1g35710%2C transcript variant X1,NW_024068537.1,34309,40681,+,Protein_Kinases
LOC103699531,probable leucine-rich repeat receptor-like protein kinase At1g35710,NW_024068537.1,49097,49633,+,Protein_Kinases
LOC120108161,MDIS1-interacting receptor like kinase 2-like,NW_024068537.1,49903,50856,+,Protein_Kinases
LOC120108163,MDIS1-interacting receptor like kinase 2-like,NW_024068537.1,51040,52634,+,Protein_Kinases
LOC120108162,probable leucine-rich repeat receptor-like protein kinase At1g35710,NW_024068537.1,69696,73551,+,Protein_Kinases
LOC103717941,probable leucine-rich repeat receptor-like protein kinase At5g63930,NW_024068537.1,113116,118848,+,Protein_Kinases
LOC120108197,cation/H(+) antiporter 19-like,NW_024068555.1,23498,28992,+,Ion_Transporters
LOC120108254,sodium channel modifier 1-like,NW_024068574.1,26349,34437,-,Ion_Transporters
LOC103720990,phosphoribulokinase%2C chloroplastic-like,NW_024068604.1,62148,66348,+,Protein_Kinases
LOC120108390,G-type lectin S-receptor-like serine/threonine-protein kinase At2g19130,NW_024068641.1,14643,17339,+,Protein_Kinases
LOC103700234,G-type lectin S-receptor-like serine/threonine-protein kinase At2g19130,NW_024068641.1,35829,37459,+,Protein_Kinases
LOC103710749,G-type lectin S-receptor-like serine/threonine-protein kinase At2g19130,NW_024068641.1,37348,38893,+,Protein_Kinases
LOC103715729,G-type lectin S-receptor-like serine/threonine-protein kinase At2g19130%2C transcript variant X1,NW_024068641.1,58738,67829,+,Protein_Kinases
LOC120108401,calcium-dependent protein kinase 26%2C transcript variant X1,NW_024068649.1,44255,61769,+,Protein_Kinases
LOC120108434,stress response protein NST1-like,NW_024068660.1,100937,101451,-,Stress_Osmoprotectants
LOC120108451,probable serine/threonine-protein kinase WNK1,NW_024068670.1,91744,95297,-,Protein_Kinases
LOC103713892,probable L-type lectin-domain containing receptor kinase S.5,NW_024068672.1,38269,41861,-,Protein_Kinases
LOC103713890,probable L-type lectin-domain containing receptor kinase S.5,NW_024068672.1,53437,58437,-,Protein_Kinases
LOC120108462,probable L-type lectin-domain containing receptor kinase S.5,NW_024068672.1,68278,73135,-,Protein_Kinases
LOC103716861,protein-ribulosamine 3-kinase%2C chloroplastic-like%2C transcript variant X1,NW_024068684.1,98082,107618,+,Protein_Kinases
LOC103696475,serine/threonine-protein kinase GRIK2-like%2C transcript variant X3,NW_024068690.1,5901,20532,+,Protein_Kinases
LOC120108510,serine/threonine-protein kinase D6PK-like,NW_024068693.1,65356,71013,+,Protein_Kinases
LOC103704546,phosphoglycerate kinase%2C cytosolic-like,NW_024068701.1,19815,23119,+,Protein_Kinases
LOC120103869,dual specificity protein kinase YAK1 homolog%2C transcript variant X1,NW_024068712.1,44132,69048,-,Protein_Kinases
LOC120108586,probable serine/threonine-protein kinase WNK11%2C transcript variant X1,NW_024068732.1,44962,47433,+,Protein_Kinases
LOC103723643,probable serine/threonine-protein kinase PBL16%2C transcript variant X1,NW_024068750.1,35524,42725,+,Protein_Kinases
LOC120108681,probable serine/threonine-protein kinase PIX7,NW_024068798.1,85616,88593,-,Protein_Kinases
LOC103714136,methylthioribose kinase-like%2C transcript variant X2,NW_024068855.1,19778,47070,-,Protein_Kinases
LOC103714112,methylthioribose kinase%2C transcript variant X1,NW_024068855.1,34210,47029,-,Protein_Kinases
LOC103719934,phosphoenolpyruvate carboxylase kinase 1-like,NW_024068876.1,36700,38014,+,Protein_Kinases
LOC103713860,guanylate kinase 2%2C chloroplastic/mitochondrial%2C transcript variant X1,NW_024068884.1,31028,60494,-,Protein_Kinases
LOC120108864,brassinosteroid LRR receptor kinase BRL1-like,NW_024068905.1,1846,6231,-,Protein_Kinases
LOC120108878,probable serine/threonine-protein kinase DDB_G0291350,NW_024068917.1,11792,25901,-,Protein_Kinases
LOC120108879,protein NSP-INTERACTING KINASE 1-like,NW_024068917.1,28564,34459,-,Protein_Kinases
LOC103697296,G-type lectin S-receptor-like serine/threonine-protein kinase LECRK2,NW_024068931.1,13706,16712,+,Protein_Kinases
LOC103699540,L-type lectin-domain containing receptor kinase IX.1-like,NW_024068960.1,34457,37686,+,Protein_Kinases
LOC103715297,universal stress protein PHOS34-like,NW_024068971.1,21863,26816,-,Stress_Osmoprotectants
LOC120108963,probable leucine-rich repeat receptor-like protein kinase At5g63930%2C transcript variant X2,NW_024068980.1,39929,43983,-,Protein_Kinases
LOC103699664,heat stress transcription factor B-4c-like,NW_024069000.1,34913,36425,-,Stress_Osmoprotectants
LOC120108995,rust resistance kinase Lr10-like,NW_024069002.1,7,1242,+,Protein_Kinases
LOC103717954,MDIS1-interacting receptor like kinase 2-like,NW_024069024.1,59037,60656,-,Protein_Kinases
LOC113463446,probable leucine-rich repeat receptor-like protein kinase At1g35710,NW_024069024.1,61233,62030,-,Protein_Kinases
LOC103701706,diacylglycerol kinase 2,NW_024069030.1,45022,52264,-,Protein_Kinases
LOC103724286,probable LRR receptor-like serine/threonine-protein kinase At5g48740,NW_024069040.1,9326,11072,+,Protein_Kinases
LOC103700780,sodium/hydrogen exchanger 2-like,NW_024069041.1,4090,19545,-,Ion_Transporters
LOC120109044,probable receptor-like serine/threonine-protein kinase At5g57670,NW_024069055.1,70776,72804,-,Protein_Kinases
LOC120109070,G-type lectin S-receptor-like serine/threonine-protein kinase SD3-1,NW_024069067.1,26002,29988,-,Protein_Kinases
LOC120109067,guanylate kinase 1-like%2C transcript variant X2,NW_024069067.1,59514,64238,+,Protein_Kinases
LOC103722912,SNF1-related protein kinase catalytic subunit alpha KIN10-like,NW_024069079.1,44149,47512,+,Protein_Kinases
LOC103720498,probable serine/threonine-protein kinase PIX7%2C transcript variant X1,NW_024069088.1,44765,56160,+,Protein_Kinases
LOC103698808,putative inactive receptor-like protein kinase At1g64210,NW_024069105.1,55945,57592,+,Protein_Kinases
LOC120109135,cysteine-rich receptor-like protein kinase 6%2C transcript variant X7,NW_024069142.1,25311,34091,-,Protein_Kinases
LOC103699302,lysosomal Pro-X carboxypeptidase-like,NW_024069162.1,57779,60138,+,Other_Signaling_Metabolism
LOC120109172,probable choline kinase 2,NW_024069172.1,8556,13895,-,Protein_Kinases
LOC103713036,aarF domain-containing protein kinase 1%2C transcript variant X1,NW_024069196.1,27611,40735,+,Protein_Kinases
LOC103697647,cysteine-rich receptor-like protein kinase 8%2C transcript variant X1,NW_024069197.1,23523,27029,+,Protein_Kinases
LOC103710368,calmodulin-binding receptor-like cytoplasmic kinase 2,NW_024069222.1,15065,22864,+,Protein_Kinases
LOC103710069,protein RICE SALT SENSITIVE 3,NW_024069233.1,15315,17505,-,Other_Signaling_Metabolism
LOC103702803,receptor-like serine/threonine-protein kinase At2g45590,NW_024069237.1,39082,42452,+,Protein_Kinases
LOC103713859,probable inactive receptor kinase At5g10020%2C transcript variant X1,NW_024069246.1,31568,43184,+,Protein_Kinases
LOC120109261,guanylate kinase 2%2C chloroplastic/mitochondrial-like,NW_024069246.1,51891,54483,+,Protein_Kinases
LOC103696783,calcium-dependent protein kinase 29-like%2C transcript variant X2,NW_024069247.1,14156,20597,-,Protein_Kinases
LOC120109267,serine/threonine-protein kinase CTR1-like,NW_024069250.1,44834,51481,+,Protein_Kinases
LOC120109277,MAPK kinase substrate protein At1g80180-like,NW_024069261.1,19605,19919,+,Protein_Kinases
LOC103724268,probable serine/threonine-protein kinase WNK11%2C transcript variant X2,NW_024069291.1,16420,18264,-,Protein_Kinases
LOC120109339,putative cysteine-rich receptor-like protein kinase 20,NW_024069331.1,17765,18871,-,Protein_Kinases
LOC103711227,putative receptor-like protein kinase At3g47110,NW_024069352.1,31146,38945,-,Protein_Kinases
LOC120109364,LRR receptor-like serine/threonine-protein kinase EFR,NW_024069352.1,38935,39639,-,Protein_Kinases
LOC120109434,probable leucine-rich repeat receptor-like protein kinase At1g35710,NW_024069449.1,3139,5325,+,Protein_Kinases
LOC120109435,MDIS1-interacting receptor like kinase 2-like,NW_024069449.1,5328,7227,+,Protein_Kinases
LOC120109439,PTI1-like tyrosine-protein kinase 1%2C transcript variant X1,NW_024069454.1,15091,16931,+,Protein_Kinases
LOC120109503,lysM domain receptor-like kinase 3,NW_024069546.1,4118,6322,+,Protein_Kinases
LOC120109517,putative inactive receptor-like protein kinase At1g64210,NW_024069556.1,4412,6018,+,Protein_Kinases
LOC120109521,mitogen-activated protein kinase kinase kinase 12-like,NW_024069561.1,7,1590,+,Protein_Kinases
LOC120109525,cysteine-rich receptor-like protein kinase 6,NW_024069563.1,13,1267,-,Protein_Kinases
LOC120109550,leucine-rich repeat receptor-like serine/threonine/tyrosine-protein kinase SOBIR1,NW_024069595.1,33808,35105,-,Protein_Kinases
LOC103718429,probable serine/threonine-protein kinase DDB_G0276461%2C transcript variant X4,NW_024069596.1,9897,15008,+,Protein_Kinases
LOC120109568,shikimate kinase 3%2C chloroplastic-like,NW_024069626.1,12617,17107,-,Protein_Kinases
LOC120109570,putative 3%2C4-dihydroxy-2-butanone kinase,NW_024069629.1,276,33586,+,Protein_Kinases
LOC120109608,G-type lectin S-receptor-like serine/threonine-protein kinase At2g19130,NW_024069690.1,10455,18558,+,Protein_Kinases
LOC103723979,receptor-like serine/threonine-protein kinase SD1-8,NW_024069722.1,9432,17293,+,Protein_Kinases
LOC103700812,casein kinase II subunit alpha-2,NW_024069739.1,6752,20495,-,Protein_Kinases
LOC120109715,serine/threonine-protein kinase CTR1-like,NW_024069759.1,16677,22988,+,Protein_Kinases
LOC103708295,L-type lectin-domain containing receptor kinase IV.2-like,NW_024069861.1,10399,12650,-,Protein_Kinases
LOC103707646,L-type lectin-domain containing receptor kinase SIT2-like,NW_024069861.1,15957,18334,-,Protein_Kinases
LOC103722328,LRR receptor-like serine/threonine-protein kinase FEI 1,NW_024069936.1,7995,22574,+,Protein_Kinases
